SNP	Gene
Chr3_16732415	OSJNBa0002D18.12
Chr3_16732415	Os03g0407000
Chr3_16732415	Os03g0407050
Chr3_16732415	OSJNBa0030J19.19
Chr3_16732415	GS3
Chr3_16732415	OsRLCK110
Chr3_16732415	Os03g0408101
Chr4_19512894	Os04g0395700
Chr4_19512894	OsJAZ11
Chr4_19512894	Os04g0395900
Chr4_19141178	Intron_gpII
Chr4_19141178	Intron_gpII
Chr4_19141178	Os04g0388500
Chr4_19141178	OsMed30_1
Chr4_19141178	Os04g0388700
Chr4_19141178	OsDjC44
Chr4_19141178	Os04g0388900
Chr4_19141178	Os04g0389100
Chr4_19141178	Os04g0389500
Chr4_19141178	R2R3-MYB
Chr4_19141178	ALS2
Chr4_19141178	Os04g0389901
Chr4_19141178	Os04g0390000
Chr4_19141178	Os04g0390100
Chr3_559051	Os03g0108700
Chr3_559051	Os03g0108800
Chr3_559051	Os03g0108932
Chr3_559051	ONAC055
Chr3_559051	LOGL3
Chr3_559051	Os03g0109350
Chr3_559051	HOX10
Chr3_559051	Os03g0109450
Chr3_559051	OsRPS17
Chr3_559051	Osj3g1BTF3
Chr3_559051	Os03g0109650
Chr3_559051	Os03g0109700
Chr3_559051	Os03g0109800
Chr3_559051	Os03g0109900
Chr3_559051	Os03g0110300
Chr3_559051	Os03g0110400
Chr5_5377178	OsIAA16
Chr5_5377178	OsPBB1
Chr5_5377178	HXK7
Chr5_5377178	GW5
Chr5_5377178	OsDER1
Chr5_5377178	Os05g0188100
Chr5_5377178	Os05g0188300
Chr5_5377178	Os05g0188500
Chr7_23827843	OJ1060_D03.124
Chr7_23827843	Os07g0585600
Chr7_23827843	SDR4
Chr7_23827843	OJ1060_D03.128
Chr7_23827843	OJ1113_E01.102
Chr7_23827843	Os07g0586000
Chr7_23827843	OsGELP91
Chr7_23827843	OsGELP92
Chr7_23827843	Os07g0586266
Chr7_23827843	Os07g0586500
Chr7_23827843	Os07g0586550
Chr7_23827843	OJ1113_E01.110
Chr7_23827843	OJ1113_E01.111
Chr7_23827843	Os07g0586800
Chr7_23827843	OsSHR1
Chr3_878126	Os03g0114700
Chr3_878126	OSJNBa0090O10.18
Chr3_878126	Os03g0114850
Chr3_878126	OSJNBa0090O10.19
Chr3_878126	Os03g0114950
Chr3_878126	OsENODL10
Chr3_878126	OSJNBa0090O10.21
Chr3_878126	Os03g0115200
Chr3_878126	Os03g0115300
Chr3_878126	Os03g0115350
Chr3_878126	OsWD40-60
Chr3_878126	Os03g0115500
Chr3_878126	OSJNBa0090O10.25
Chr3_878126	JT1
Chr3_878126	Os03g0116000
Chr3_878126	Os03g0116300
Chr3_878126	Os03g0116316
Chr3_878126	Os03g0116333
Chr3_17011911	HAP2E
Chr3_17011911	Os03g0411300
Chr3_17011911	VYL
Chr3_17011911	Os03g0411600
Chr3_17011911	OsZIP2
Chr3_17011911	Os03g0411900
Chr3_17011911	Os03g0412200
Chr3_17011911	Os03g0412300
Chr3_17011911	Os03g0412400
Chr3_1231129	Os03g0121700
Chr3_1231129	DCL1
Chr3_1231129	Os03g0122000
Chr3_1231129	Os03g0122034
Chr3_1231129	OsbHLH052
Chr3_1231129	Os03g0122200
Chr3_1231129	FLS
Chr3_1231129	Os03g0122500
Chr3_1231129	OsMADS50
