,SNP,Chr,Pos,P.value,MAF,traits
92486,3_544296,3,  544296,1.738607e-09,0.19444444,MLM.Grain_weight
92489,3_546583,3,  546583,6.961458e-09,0.19477912,MLM.Grain_weight
92490,3_546698,3,  546698,8.006148e-09,0.19511379,MLM.Grain_weight
92492,3_547516,3,  547516,6.213756e-10,0.19611780,MLM.Grain_weight
92497,3_551147,3,  551147,1.387749e-09,0.19511379,MLM.Grain_weight
92499,3_551560,3,  551560,2.470234e-09,0.19544846,MLM.Grain_weight
92501,3_558235,3,  558235,4.177467e-08,0.17302544,MLM.Grain_weight
92502,3_558328,3,  558328,4.111438e-11,0.19544846,MLM.Grain_weight
92504,3_559051,3,  559051,2.706459e-11,0.19544846,MLM.Grain_weight
92505,3_559507,3,  559507,6.954704e-08,0.17235609,MLM.Grain_weight
92506,3_559701,3,  559701,6.954704e-08,0.17235609,MLM.Grain_weight
92508,3_560363,3,  560363,6.954704e-08,0.17235609,MLM.Grain_weight
92509,3_560567,3,  560567,6.954704e-08,0.17235609,MLM.Grain_weight
92510,3_564860,3,  564860,6.954704e-08,0.17235609,MLM.Grain_weight
92511,3_565143,3,  565143,6.954704e-08,0.17235609,MLM.Grain_weight
92512,3_565434,3,  565434,6.954704e-08,0.17235609,MLM.Grain_weight
92513,3_566469,3,  566469,6.954704e-08,0.17235609,MLM.Grain_weight
92514,3_567188,3,  567188,6.954704e-08,0.17235609,MLM.Grain_weight
92516,3_576039,3,  576039,6.954704e-08,0.17235609,MLM.Grain_weight
92518,3_577789,3,  577789,9.049485e-08,0.17202142,MLM.Grain_weight
92519,3_578482,3,  578482,9.049485e-08,0.17202142,MLM.Grain_weight
92520,3_579645,3,  579645,2.975897e-08,0.17235609,MLM.Grain_weight
92521,3_580460,3,  580460,2.975897e-08,0.17235609,MLM.Grain_weight
92523,3_580814,3,  580814,2.975897e-08,0.17235609,MLM.Grain_weight
92552,3_620084,3,  620084,2.440914e-08,0.18306560,MLM.Grain_weight
92553,3_620596,3,  620596,2.440914e-08,0.18306560,MLM.Grain_weight
92554,3_621788,3,  621788,2.440914e-08,0.18306560,MLM.Grain_weight
92555,3_622045,3,  622045,3.069278e-08,0.18273092,MLM.Grain_weight
92556,3_625154,3,  625154,2.440914e-08,0.18306560,MLM.Grain_weight
92557,3_629517,3,  629517,2.440914e-08,0.18306560,MLM.Grain_weight
92558,3_629784,3,  629784,2.440914e-08,0.18306560,MLM.Grain_weight
92559,3_629847,3,  629847,2.835404e-08,0.18340027,MLM.Grain_weight
92560,3_629864,3,  629864,2.835404e-08,0.18340027,MLM.Grain_weight
92561,3_630012,3,  630012,2.835404e-08,0.18340027,MLM.Grain_weight
92562,3_630457,3,  630457,2.835404e-08,0.18340027,MLM.Grain_weight
92563,3_630473,3,  630473,2.835404e-08,0.18340027,MLM.Grain_weight
92564,3_630557,3,  630557,2.835404e-08,0.18340027,MLM.Grain_weight
92565,3_630835,3,  630835,2.835404e-08,0.18340027,MLM.Grain_weight
92566,3_631677,3,  631677,2.835404e-08,0.18340027,MLM.Grain_weight
92567,3_632147,3,  632147,2.835404e-08,0.18340027,MLM.Grain_weight
92568,3_632347,3,  632347,2.835404e-08,0.18340027,MLM.Grain_weight
92569,3_635923,3,  635923,2.835404e-08,0.18340027,MLM.Grain_weight
92570,3_636366,3,  636366,4.863435e-08,0.18306560,MLM.Grain_weight
92571,3_636748,3,  636748,2.835404e-08,0.18340027,MLM.Grain_weight
92572,3_637159,3,  637159,2.835404e-08,0.18340027,MLM.Grain_weight
92573,3_637540,3,  637540,2.720108e-08,0.18306560,MLM.Grain_weight
92574,3_638948,3,  638948,2.835404e-08,0.18340027,MLM.Grain_weight
92575,3_639192,3,  639192,2.835404e-08,0.18340027,MLM.Grain_weight
92576,3_642159,3,  642159,2.440914e-08,0.18306560,MLM.Grain_weight
92577,3_645973,3,  645973,2.440914e-08,0.18306560,MLM.Grain_weight
92579,3_648820,3,  648820,8.951673e-09,0.18273092,MLM.Grain_weight
92580,3_650833,3,  650833,2.440914e-08,0.18306560,MLM.Grain_weight
92581,3_652742,3,  652742,2.440914e-08,0.18306560,MLM.Grain_weight
92582,3_655057,3,  655057,2.835404e-08,0.18340027,MLM.Grain_weight
92583,3_655501,3,  655501,2.835404e-08,0.18340027,MLM.Grain_weight
92584,3_655538,3,  655538,2.835404e-08,0.18340027,MLM.Grain_weight
92585,3_657933,3,  657933,2.440914e-08,0.18306560,MLM.Grain_weight
92586,3_659164,3,  659164,4.767554e-08,0.18273092,MLM.Grain_weight
92587,3_661175,3,  661175,2.440914e-08,0.18306560,MLM.Grain_weight
92588,3_661922,3,  661922,4.405809e-08,0.18273092,MLM.Grain_weight
92589,3_664420,3,  664420,2.440914e-08,0.18306560,MLM.Grain_weight
92590,3_664453,3,  664453,2.440914e-08,0.18306560,MLM.Grain_weight
92591,3_664625,3,  664625,2.440914e-08,0.18306560,MLM.Grain_weight
92593,3_664703,3,  664703,2.440914e-08,0.18306560,MLM.Grain_weight
92594,3_665407,3,  665407,1.873700e-08,0.18340027,MLM.Grain_weight
92595,3_665417,3,  665417,1.873700e-08,0.18340027,MLM.Grain_weight
92596,3_665512,3,  665512,2.440914e-08,0.18306560,MLM.Grain_weight
92597,3_665614,3,  665614,2.440914e-08,0.18306560,MLM.Grain_weight
92598,3_665631,3,  665631,5.843302e-08,0.18273092,MLM.Grain_weight
92599,3_665681,3,  665681,2.440914e-08,0.18306560,MLM.Grain_weight
92600,3_665714,3,  665714,2.440914e-08,0.18306560,MLM.Grain_weight
92601,3_665805,3,  665805,2.440914e-08,0.18306560,MLM.Grain_weight
92602,3_665830,3,  665830,2.440914e-08,0.18306560,MLM.Grain_weight
92603,3_665899,3,  665899,2.440914e-08,0.18306560,MLM.Grain_weight
92604,3_667197,3,  667197,2.440914e-08,0.18306560,MLM.Grain_weight
92605,3_669957,3,  669957,4.966159e-09,0.18306560,MLM.Grain_weight
92606,3_676400,3,  676400,5.984599e-09,0.18340027,MLM.Grain_weight
92608,3_699885,3,  699885,5.984599e-09,0.18340027,MLM.Grain_weight
92609,3_701041,3,  701041,5.984599e-09,0.18340027,MLM.Grain_weight
92610,3_701816,3,  701816,5.984599e-09,0.18340027,MLM.Grain_weight
92611,3_702156,3,  702156,9.921378e-09,0.18306560,MLM.Grain_weight
92612,3_702443,3,  702443,5.984599e-09,0.18340027,MLM.Grain_weight
92613,3_703175,3,  703175,6.465252e-09,0.18373494,MLM.Grain_weight
92614,3_703438,3,  703438,6.465252e-09,0.18373494,MLM.Grain_weight
92615,3_704692,3,  704692,2.440914e-08,0.18306560,MLM.Grain_weight
92616,3_710143,3,  710143,2.440914e-08,0.18306560,MLM.Grain_weight
92617,3_710851,3,  710851,2.440914e-08,0.18306560,MLM.Grain_weight
92618,3_711757,3,  711757,2.440914e-08,0.18306560,MLM.Grain_weight
92620,3_713302,3,  713302,2.440914e-08,0.18306560,MLM.Grain_weight
92621,3_713636,3,  713636,2.440914e-08,0.18306560,MLM.Grain_weight
92622,3_713690,3,  713690,2.440914e-08,0.18306560,MLM.Grain_weight
92623,3_713895,3,  713895,2.440914e-08,0.18306560,MLM.Grain_weight
92624,3_714104,3,  714104,3.546363e-08,0.18340027,MLM.Grain_weight
92626,3_716491,3,  716491,2.440914e-08,0.18306560,MLM.Grain_weight
92627,3_718648,3,  718648,2.835404e-08,0.18340027,MLM.Grain_weight
92628,3_720866,3,  720866,4.076241e-08,0.18373494,MLM.Grain_weight
92629,3_721061,3,  721061,2.835404e-08,0.18340027,MLM.Grain_weight
92630,3_725139,3,  725139,7.017244e-09,0.18373494,MLM.Grain_weight
92632,3_728899,3,  728899,7.017244e-09,0.18373494,MLM.Grain_weight
92633,3_730507,3,  730507,7.017244e-09,0.18373494,MLM.Grain_weight
92634,3_732150,3,  732150,7.017244e-09,0.18373494,MLM.Grain_weight
92635,3_732994,3,  732994,1.731096e-08,0.18340027,MLM.Grain_weight
92636,3_734727,3,  734727,7.017244e-09,0.18373494,MLM.Grain_weight
92637,3_735891,3,  735891,7.017244e-09,0.18373494,MLM.Grain_weight
92638,3_737141,3,  737141,8.535190e-09,0.18273092,MLM.Grain_weight
92639,3_737458,3,  737458,7.017244e-09,0.18373494,MLM.Grain_weight
92640,3_738788,3,  738788,7.017244e-09,0.18373494,MLM.Grain_weight
92641,3_738876,3,  738876,5.973773e-09,0.18406961,MLM.Grain_weight
92642,3_741595,3,  741595,7.017244e-09,0.18373494,MLM.Grain_weight
92643,3_743818,3,  743818,7.017244e-09,0.18373494,MLM.Grain_weight
92644,3_749158,3,  749158,7.017244e-09,0.18373494,MLM.Grain_weight
92645,3_751116,3,  751116,1.294138e-08,0.18340027,MLM.Grain_weight
92646,3_751567,3,  751567,8.499488e-09,0.18406961,MLM.Grain_weight
92647,3_757905,3,  757905,5.020793e-09,0.18306560,MLM.Grain_weight
92648,3_759037,3,  759037,5.020793e-09,0.18306560,MLM.Grain_weight
92649,3_759467,3,  759467,5.020793e-09,0.18306560,MLM.Grain_weight
92650,3_759488,3,  759488,7.546037e-09,0.18340027,MLM.Grain_weight
92651,3_760156,3,  760156,5.020793e-09,0.18306560,MLM.Grain_weight
92652,3_760178,3,  760178,5.020793e-09,0.18306560,MLM.Grain_weight
92653,3_760343,3,  760343,5.020793e-09,0.18306560,MLM.Grain_weight
92654,3_760516,3,  760516,5.020793e-09,0.18306560,MLM.Grain_weight
92655,3_760876,3,  760876,5.020793e-09,0.18306560,MLM.Grain_weight
92656,3_761734,3,  761734,1.061701e-08,0.18440428,MLM.Grain_weight
92657,3_761772,3,  761772,1.061701e-08,0.18440428,MLM.Grain_weight
92658,3_761837,3,  761837,4.713934e-09,0.18373494,MLM.Grain_weight
92659,3_761860,3,  761860,4.713934e-09,0.18373494,MLM.Grain_weight
92660,3_762018,3,  762018,4.713934e-09,0.18373494,MLM.Grain_weight
92661,3_762813,3,  762813,4.713934e-09,0.18373494,MLM.Grain_weight
92662,3_762834,3,  762834,4.713934e-09,0.18373494,MLM.Grain_weight
92663,3_765261,3,  765261,4.713934e-09,0.18373494,MLM.Grain_weight
92664,3_766109,3,  766109,6.812508e-08,0.18340027,MLM.Grain_weight
92667,3_771321,3,  771321,4.713934e-09,0.18373494,MLM.Grain_weight
92668,3_772243,3,  772243,4.713934e-09,0.18373494,MLM.Grain_weight
92669,3_773523,3,  773523,4.713934e-09,0.18373494,MLM.Grain_weight
92670,3_774034,3,  774034,4.713934e-09,0.18373494,MLM.Grain_weight
92671,3_774624,3,  774624,4.713934e-09,0.18373494,MLM.Grain_weight
92672,3_775522,3,  775522,4.713934e-09,0.18373494,MLM.Grain_weight
92673,3_777138,3,  777138,4.713934e-09,0.18373494,MLM.Grain_weight
92675,3_778398,3,  778398,2.715609e-08,0.18406961,MLM.Grain_weight
92676,3_778977,3,  778977,2.715609e-08,0.18406961,MLM.Grain_weight
92677,3_780689,3,  780689,2.266510e-08,0.18473896,MLM.Grain_weight
92678,3_780700,3,  780700,2.266510e-08,0.18473896,MLM.Grain_weight
92679,3_780810,3,  780810,2.715609e-08,0.18406961,MLM.Grain_weight
92680,3_782869,3,  782869,4.713934e-09,0.18373494,MLM.Grain_weight
92682,3_793513,3,  793513,4.713934e-09,0.18373494,MLM.Grain_weight
92683,3_794600,3,  794600,4.713934e-09,0.18373494,MLM.Grain_weight
92685,3_795570,3,  795570,4.767748e-09,0.17001339,MLM.Grain_weight
92686,3_796669,3,  796669,4.713934e-09,0.18373494,MLM.Grain_weight
92687,3_797595,3,  797595,4.713934e-09,0.18373494,MLM.Grain_weight
92688,3_798252,3,  798252,4.713934e-09,0.18373494,MLM.Grain_weight
92690,3_798800,3,  798800,4.713934e-09,0.18373494,MLM.Grain_weight
92691,3_798995,3,  798995,4.713934e-09,0.18373494,MLM.Grain_weight
92693,3_799159,3,  799159,1.250482e-08,0.18406961,MLM.Grain_weight
92695,3_799380,3,  799380,4.713934e-09,0.18373494,MLM.Grain_weight
92696,3_799413,3,  799413,4.713934e-09,0.18373494,MLM.Grain_weight
92698,3_799643,3,  799643,4.713934e-09,0.18373494,MLM.Grain_weight
92699,3_799740,3,  799740,4.713934e-09,0.18373494,MLM.Grain_weight
92701,3_801403,3,  801403,4.713934e-09,0.18373494,MLM.Grain_weight
92702,3_802292,3,  802292,4.713934e-09,0.18373494,MLM.Grain_weight
92704,3_803394,3,  803394,4.713934e-09,0.18373494,MLM.Grain_weight
92705,3_804270,3,  804270,4.713934e-09,0.18373494,MLM.Grain_weight
92707,3_805870,3,  805870,4.713934e-09,0.18373494,MLM.Grain_weight
92710,3_808887,3,  808887,9.672222e-09,0.18239625,MLM.Grain_weight
92712,3_808995,3,  808995,4.713934e-09,0.18373494,MLM.Grain_weight
92713,3_809179,3,  809179,4.713934e-09,0.18373494,MLM.Grain_weight
92714,3_809378,3,  809378,4.713934e-09,0.18373494,MLM.Grain_weight
92715,3_810299,3,  810299,6.903010e-09,0.18406961,MLM.Grain_weight
92716,3_811340,3,  811340,1.014256e-08,0.18239625,MLM.Grain_weight
92718,3_811645,3,  811645,7.347086e-09,0.18005355,MLM.Grain_weight
92720,3_811841,3,  811841,6.903010e-09,0.18406961,MLM.Grain_weight
92721,3_812318,3,  812318,6.903010e-09,0.18406961,MLM.Grain_weight
92722,3_813015,3,  813015,2.842360e-08,0.18373494,MLM.Grain_weight
92725,3_813884,3,  813884,4.724425e-08,0.18440428,MLM.Grain_weight
92730,3_839798,3,  839798,1.185827e-08,0.18473896,MLM.Grain_weight
92731,3_840144,3,  840144,1.185827e-08,0.18473896,MLM.Grain_weight
92762,3_869400,3,  869400,3.520525e-09,0.18473896,MLM.Grain_weight
92781,3_878126,3,  878126,1.557472e-09,0.17001339,MLM.Grain_weight
92784,3_879828,3,  879828,2.720663e-09,0.18440428,MLM.Grain_weight
92785,3_880060,3,  880060,2.720663e-09,0.18440428,MLM.Grain_weight
92809,3_900543,3,  900543,1.793879e-08,0.19277108,MLM.Grain_weight
92810,3_903016,3,  903016,1.793879e-08,0.19277108,MLM.Grain_weight
92811,3_905133,3,  905133,1.793879e-08,0.19277108,MLM.Grain_weight
92812,3_905179,3,  905179,1.793879e-08,0.19277108,MLM.Grain_weight
92813,3_906841,3,  906841,1.793879e-08,0.19277108,MLM.Grain_weight
92814,3_907081,3,  907081,1.793879e-08,0.19277108,MLM.Grain_weight
92815,3_908672,3,  908672,1.793879e-08,0.19277108,MLM.Grain_weight
92816,3_909440,3,  909440,1.793879e-08,0.19277108,MLM.Grain_weight
92833,3_981764,3,  981764,7.760261e-08,0.19210174,MLM.Grain_weight
92836,3_987379,3,  987379,7.567682e-08,0.19310576,MLM.Grain_weight
92837,3_988647,3,  988647,5.474376e-08,0.19277108,MLM.Grain_weight
92838,3_988920,3,  988920,3.442369e-08,0.19511379,MLM.Grain_weight
92844,3_997075,3,  997075,8.481268e-08,0.19310576,MLM.Grain_weight
92847,3_999305,3,  999305,6.729851e-08,0.19243641,MLM.Grain_weight
92864,3_1231129,3, 1231129,1.543514e-08,0.18808568,MLM.Grain_weight
92868,3_1251708,3, 1251708,5.409039e-08,0.10542169,MLM.Grain_weight
92869,3_1255703,3, 1255703,5.409039e-08,0.10542169,MLM.Grain_weight
112274,3_16662841,3,16662841,3.824126e-10,0.14491299,MLM.Grain_weight
112275,3_16662852,3,16662852,1.022608e-11,0.18975904,MLM.Grain_weight
112276,3_16663167,3,16663167,2.413451e-13,0.19310576,MLM.Grain_weight
112277,3_16663239,3,16663239,1.416463e-13,0.19277108,MLM.Grain_weight
112278,3_16663253,3,16663253,1.416463e-13,0.19277108,MLM.Grain_weight
112279,3_16663324,3,16663324,8.839864e-14,0.19243641,MLM.Grain_weight
112280,3_16663408,3,16663408,8.839864e-14,0.19243641,MLM.Grain_weight
112281,3_16663703,3,16663703,8.839864e-14,0.19243641,MLM.Grain_weight
112283,3_16663919,3,16663919,8.656486e-10,0.14190094,MLM.Grain_weight
112284,3_16664162,3,16664162,8.656486e-10,0.14190094,MLM.Grain_weight
112285,3_16664372,3,16664372,8.656486e-10,0.14190094,MLM.Grain_weight
112288,3_16664854,3,16664854,7.513335e-14,0.19277108,MLM.Grain_weight
112290,3_16665027,3,16665027,8.839864e-14,0.19243641,MLM.Grain_weight
112293,3_16665277,3,16665277,8.839864e-14,0.19243641,MLM.Grain_weight
112295,3_16665424,3,16665424,8.839864e-14,0.19243641,MLM.Grain_weight
112296,3_16665467,3,16665467,8.839864e-14,0.19243641,MLM.Grain_weight
112298,3_16665644,3,16665644,8.839864e-14,0.19243641,MLM.Grain_weight
112299,3_16665762,3,16665762,8.656486e-10,0.14190094,MLM.Grain_weight
112301,3_16666135,3,16666135,8.656486e-10,0.14190094,MLM.Grain_weight
112302,3_16666243,3,16666243,8.839864e-14,0.19243641,MLM.Grain_weight
112303,3_16666380,3,16666380,8.839864e-14,0.19243641,MLM.Grain_weight
112304,3_16666490,3,16666490,8.839864e-14,0.19243641,MLM.Grain_weight
112305,3_16666514,3,16666514,8.839864e-14,0.19243641,MLM.Grain_weight
112306,3_16667069,3,16667069,8.839864e-14,0.19243641,MLM.Grain_weight
112307,3_16667441,3,16667441,8.839864e-14,0.19243641,MLM.Grain_weight
112309,3_16668178,3,16668178,8.839864e-14,0.19243641,MLM.Grain_weight
112310,3_16668298,3,16668298,8.839864e-14,0.19243641,MLM.Grain_weight
112312,3_16668805,3,16668805,1.027412e-13,0.19210174,MLM.Grain_weight
112313,3_16668862,3,16668862,1.027412e-13,0.19210174,MLM.Grain_weight
112314,3_16668900,3,16668900,6.774998e-11,0.22155288,MLM.Grain_weight
112316,3_16669047,3,16669047,8.839864e-14,0.19243641,MLM.Grain_weight
112317,3_16669094,3,16669094,8.839864e-14,0.19243641,MLM.Grain_weight
112319,3_16669223,3,16669223,8.839864e-14,0.19243641,MLM.Grain_weight
112320,3_16669361,3,16669361,1.800678e-13,0.19277108,MLM.Grain_weight
112321,3_16669400,3,16669400,8.839864e-14,0.19243641,MLM.Grain_weight
112322,3_16669731,3,16669731,8.839864e-14,0.19243641,MLM.Grain_weight
112323,3_16669888,3,16669888,8.839864e-14,0.19243641,MLM.Grain_weight
112324,3_16669916,3,16669916,8.839864e-14,0.19243641,MLM.Grain_weight
112325,3_16670180,3,16670180,2.378055e-13,0.19277108,MLM.Grain_weight
112326,3_16670378,3,16670378,8.839864e-14,0.19243641,MLM.Grain_weight
112327,3_16670415,3,16670415,8.839864e-14,0.19243641,MLM.Grain_weight
112328,3_16670653,3,16670653,8.839864e-14,0.19243641,MLM.Grain_weight
112329,3_16671253,3,16671253,1.301756e-14,0.19277108,MLM.Grain_weight
112330,3_16671466,3,16671466,4.289070e-14,0.19310576,MLM.Grain_weight
112331,3_16671636,3,16671636,6.694231e-12,0.18908969,MLM.Grain_weight
112332,3_16671666,3,16671666,6.694231e-12,0.18908969,MLM.Grain_weight
112333,3_16671695,3,16671695,6.694231e-12,0.18908969,MLM.Grain_weight
112335,3_16671741,3,16671741,6.694231e-12,0.18908969,MLM.Grain_weight
112336,3_16671820,3,16671820,8.656486e-10,0.14190094,MLM.Grain_weight
112337,3_16671872,3,16671872,2.231128e-14,0.19310576,MLM.Grain_weight
112338,3_16671969,3,16671969,1.301756e-14,0.19277108,MLM.Grain_weight
112341,3_16678849,3,16678849,1.701333e-11,0.18775100,MLM.Grain_weight
112343,3_16679118,3,16679118,5.937824e-08,0.17871486,MLM.Grain_weight
112344,3_16679133,3,16679133,5.937824e-08,0.17871486,MLM.Grain_weight
112345,3_16679166,3,16679166,1.437866e-08,0.18038822,MLM.Grain_weight
112346,3_16679224,3,16679224,1.059106e-08,0.18072289,MLM.Grain_weight
112348,3_16679500,3,16679500,1.079637e-13,0.18741633,MLM.Grain_weight
112349,3_16679541,3,16679541,1.822605e-14,0.19210174,MLM.Grain_weight
112350,3_16679789,3,16679789,1.887296e-13,0.18908969,MLM.Grain_weight
112353,3_16682908,3,16682908,5.978034e-12,0.18775100,MLM.Grain_weight
112354,3_16683240,3,16683240,2.056490e-09,0.14290495,MLM.Grain_weight
112355,3_16683339,3,16683339,5.561876e-09,0.14223561,MLM.Grain_weight
112356,3_16683541,3,16683541,2.056490e-09,0.14290495,MLM.Grain_weight
112357,3_16683723,3,16683723,1.046722e-12,0.18975904,MLM.Grain_weight
112358,3_16683837,3,16683837,1.822605e-14,0.19210174,MLM.Grain_weight
112360,3_16684014,3,16684014,6.267921e-11,0.18574297,MLM.Grain_weight
112361,3_16684032,3,16684032,6.267921e-11,0.18574297,MLM.Grain_weight
112362,3_16685822,3,16685822,1.822605e-14,0.19210174,MLM.Grain_weight
112363,3_16685894,3,16685894,3.627582e-14,0.19243641,MLM.Grain_weight
112364,3_16685993,3,16685993,3.627582e-14,0.19243641,MLM.Grain_weight
112366,3_16686150,3,16686150,3.627582e-14,0.19243641,MLM.Grain_weight
112368,3_16686358,3,16686358,8.656486e-10,0.14190094,MLM.Grain_weight
112369,3_16686458,3,16686458,8.656486e-10,0.14190094,MLM.Grain_weight
112370,3_16686673,3,16686673,8.656486e-10,0.14190094,MLM.Grain_weight
112371,3_16686697,3,16686697,3.627582e-14,0.19243641,MLM.Grain_weight
112374,3_16686954,3,16686954,3.627582e-14,0.19243641,MLM.Grain_weight
112375,3_16687104,3,16687104,3.627582e-14,0.19243641,MLM.Grain_weight
112376,3_16687138,3,16687138,3.627582e-14,0.19243641,MLM.Grain_weight
112377,3_16687318,3,16687318,3.627582e-14,0.19243641,MLM.Grain_weight
112378,3_16687350,3,16687350,8.656486e-10,0.14190094,MLM.Grain_weight
112380,3_16687442,3,16687442,1.328408e-14,0.19277108,MLM.Grain_weight
112381,3_16687506,3,16687506,6.419675e-14,0.19143240,MLM.Grain_weight
112382,3_16687589,3,16687589,3.986245e-14,0.19109772,MLM.Grain_weight
112383,3_16688729,3,16688729,1.328408e-14,0.19277108,MLM.Grain_weight
112385,3_16688940,3,16688940,7.125259e-15,0.19344043,MLM.Grain_weight
112386,3_16688962,3,16688962,4.688797e-15,0.19310576,MLM.Grain_weight
112387,3_16689226,3,16689226,4.688797e-15,0.19310576,MLM.Grain_weight
112388,3_16689345,3,16689345,4.688797e-15,0.19310576,MLM.Grain_weight
112390,3_16689585,3,16689585,9.114237e-14,0.19344043,MLM.Grain_weight
112391,3_16689626,3,16689626,4.688797e-15,0.19310576,MLM.Grain_weight
112392,3_16689717,3,16689717,2.775414e-14,0.19109772,MLM.Grain_weight
112393,3_16689752,3,16689752,2.775414e-14,0.19109772,MLM.Grain_weight
112394,3_16689765,3,16689765,2.775414e-14,0.19109772,MLM.Grain_weight
112396,3_16689984,3,16689984,3.086260e-12,0.18306560,MLM.Grain_weight
112397,3_16690006,3,16690006,4.252117e-08,0.16097724,MLM.Grain_weight
112398,3_16690145,3,16690145,4.859811e-10,0.14257028,MLM.Grain_weight
112400,3_16690272,3,16690272,7.088604e-10,0.14156627,MLM.Grain_weight
112401,3_16690303,3,16690303,7.991302e-15,0.19243641,MLM.Grain_weight
112402,3_16690335,3,16690335,7.088604e-10,0.14156627,MLM.Grain_weight
112403,3_16690397,3,16690397,7.088604e-10,0.14156627,MLM.Grain_weight
112404,3_16690657,3,16690657,3.743144e-10,0.14223561,MLM.Grain_weight
112405,3_16690775,3,16690775,3.743144e-10,0.14223561,MLM.Grain_weight
112406,3_16690940,3,16690940,3.806590e-14,0.19243641,MLM.Grain_weight
112407,3_16691922,3,16691922,5.749245e-14,0.19176707,MLM.Grain_weight
112408,3_16691940,3,16691940,5.749245e-14,0.19176707,MLM.Grain_weight
112409,3_16691963,3,16691963,5.749245e-14,0.19176707,MLM.Grain_weight
112410,3_16691998,3,16691998,5.749245e-14,0.19176707,MLM.Grain_weight
112411,3_16692163,3,16692163,3.806590e-14,0.19243641,MLM.Grain_weight
112412,3_16692196,3,16692196,3.806590e-14,0.19243641,MLM.Grain_weight
112413,3_16692244,3,16692244,3.806590e-14,0.19243641,MLM.Grain_weight
112414,3_16692351,3,16692351,3.806590e-14,0.19243641,MLM.Grain_weight
112415,3_16692380,3,16692380,3.806590e-14,0.19243641,MLM.Grain_weight
112416,3_16692429,3,16692429,3.806590e-14,0.19243641,MLM.Grain_weight
112417,3_16692443,3,16692443,3.806590e-14,0.19243641,MLM.Grain_weight
112418,3_16692487,3,16692487,3.743144e-10,0.14223561,MLM.Grain_weight
112419,3_16692499,3,16692499,3.806590e-14,0.19243641,MLM.Grain_weight
112420,3_16692584,3,16692584,3.806590e-14,0.19243641,MLM.Grain_weight
112421,3_16692659,3,16692659,3.806590e-14,0.19243641,MLM.Grain_weight
112422,3_16692706,3,16692706,3.806590e-14,0.19243641,MLM.Grain_weight
112423,3_16692834,3,16692834,3.806590e-14,0.19243641,MLM.Grain_weight
112424,3_16692988,3,16692988,3.806590e-14,0.19243641,MLM.Grain_weight
112426,3_16693675,3,16693675,3.806590e-14,0.19243641,MLM.Grain_weight
112427,3_16693930,3,16693930,7.603839e-14,0.19277108,MLM.Grain_weight
112428,3_16693989,3,16693989,3.806590e-14,0.19243641,MLM.Grain_weight
112432,3_16694613,3,16694613,3.358089e-15,0.19243641,MLM.Grain_weight
112435,3_16694830,3,16694830,8.840204e-09,0.17001339,MLM.Grain_weight
112436,3_16694993,3,16694993,1.221562e-09,0.17503347,MLM.Grain_weight
112437,3_16695474,3,16695474,4.354359e-15,0.19277108,MLM.Grain_weight
112438,3_16695507,3,16695507,3.425292e-10,0.14190094,MLM.Grain_weight
112439,3_16695517,3,16695517,4.354359e-15,0.19277108,MLM.Grain_weight
112440,3_16696465,3,16696465,4.688797e-15,0.19310576,MLM.Grain_weight
112442,3_16697063,3,16697063,3.743144e-10,0.14223561,MLM.Grain_weight
112443,3_16697295,3,16697295,3.743144e-10,0.14223561,MLM.Grain_weight
112445,3_16697605,3,16697605,1.569152e-14,0.19344043,MLM.Grain_weight
112449,3_16698473,3,16698473,1.352122e-09,0.14257028,MLM.Grain_weight
112450,3_16698644,3,16698644,1.352122e-09,0.14257028,MLM.Grain_weight
112452,3_16698809,3,16698809,1.569152e-14,0.19344043,MLM.Grain_weight
112453,3_16699476,3,16699476,1.420666e-10,0.14022758,MLM.Grain_weight
112455,3_16699913,3,16699913,1.569152e-14,0.19344043,MLM.Grain_weight
112457,3_16700140,3,16700140,5.624719e-10,0.14190094,MLM.Grain_weight
112459,3_16700676,3,16700676,1.569152e-14,0.19344043,MLM.Grain_weight
112460,3_16700951,3,16700951,1.352122e-09,0.14257028,MLM.Grain_weight
112462,3_16701950,3,16701950,1.569152e-14,0.19344043,MLM.Grain_weight
112463,3_16702037,3,16702037,1.569152e-14,0.19344043,MLM.Grain_weight
112464,3_16702081,3,16702081,8.103826e-14,0.19310576,MLM.Grain_weight
112466,3_16702105,3,16702105,8.103826e-14,0.19310576,MLM.Grain_weight
112467,3_16702543,3,16702543,1.352122e-09,0.14257028,MLM.Grain_weight
112473,3_16704100,3,16704100,1.352122e-09,0.14257028,MLM.Grain_weight
112475,3_16704606,3,16704606,1.569152e-14,0.19344043,MLM.Grain_weight
112476,3_16704730,3,16704730,1.569152e-14,0.19344043,MLM.Grain_weight
112480,3_16705394,3,16705394,1.569152e-14,0.19344043,MLM.Grain_weight
112481,3_16705674,3,16705674,4.504194e-14,0.19277108,MLM.Grain_weight
112482,3_16705740,3,16705740,4.504194e-14,0.19277108,MLM.Grain_weight
112483,3_16705800,3,16705800,4.504194e-14,0.19277108,MLM.Grain_weight
112484,3_16705883,3,16705883,4.504194e-14,0.19277108,MLM.Grain_weight
112487,3_16706550,3,16706550,9.204293e-14,0.19344043,MLM.Grain_weight
112488,3_16707159,3,16707159,3.439863e-14,0.19377510,MLM.Grain_weight
112489,3_16707260,3,16707260,3.439863e-14,0.19377510,MLM.Grain_weight
112491,3_16707592,3,16707592,9.865521e-14,0.19143240,MLM.Grain_weight
112492,3_16707611,3,16707611,9.865521e-14,0.19143240,MLM.Grain_weight
112493,3_16707621,3,16707621,3.406616e-09,0.17302544,MLM.Grain_weight
112494,3_16707653,3,16707653,9.865521e-14,0.19143240,MLM.Grain_weight
112495,3_16707729,3,16707729,2.918380e-09,0.17536814,MLM.Grain_weight
112497,3_16707897,3,16707897,3.439863e-14,0.19377510,MLM.Grain_weight
112498,3_16708049,3,16708049,2.918380e-09,0.17536814,MLM.Grain_weight
112499,3_16708131,3,16708131,3.439863e-14,0.19377510,MLM.Grain_weight
112501,3_16708478,3,16708478,3.414373e-10,0.14725569,MLM.Grain_weight
112502,3_16708508,3,16708508,3.125231e-08,0.20381526,MLM.Grain_weight
112503,3_16708872,3,16708872,3.522826e-17,0.18005355,MLM.Grain_weight
112504,3_16708968,3,16708968,3.522826e-17,0.18005355,MLM.Grain_weight
112505,3_16709061,3,16709061,3.522826e-17,0.18005355,MLM.Grain_weight
112506,3_16709718,3,16709718,3.522826e-17,0.18005355,MLM.Grain_weight
112507,3_16709803,3,16709803,3.522826e-17,0.18005355,MLM.Grain_weight
112508,3_16709891,3,16709891,3.106588e-09,0.14290495,MLM.Grain_weight
112509,3_16709942,3,16709942,1.300594e-16,0.17904953,MLM.Grain_weight
112510,3_16710411,3,16710411,3.522826e-17,0.18005355,MLM.Grain_weight
112512,3_16711077,3,16711077,3.106588e-09,0.14290495,MLM.Grain_weight
112513,3_16711211,3,16711211,6.062682e-09,0.14257028,MLM.Grain_weight
112514,3_16711383,3,16711383,3.522826e-17,0.18005355,MLM.Grain_weight
112516,3_16712810,3,16712810,3.522826e-17,0.18005355,MLM.Grain_weight
112517,3_16712910,3,16712910,3.106588e-09,0.14290495,MLM.Grain_weight
112518,3_16712982,3,16712982,3.522826e-17,0.18005355,MLM.Grain_weight
112519,3_16713093,3,16713093,3.522826e-17,0.18005355,MLM.Grain_weight
112520,3_16713111,3,16713111,3.724957e-08,0.15160643,MLM.Grain_weight
112521,3_16713226,3,16713226,3.522826e-17,0.18005355,MLM.Grain_weight
112522,3_16713327,3,16713327,3.522826e-17,0.18005355,MLM.Grain_weight
112523,3_16713519,3,16713519,4.709043e-08,0.14926372,MLM.Grain_weight
112524,3_16713630,3,16713630,3.125231e-08,0.20381526,MLM.Grain_weight
112525,3_16713685,3,16713685,3.522826e-17,0.18005355,MLM.Grain_weight
112526,3_16713828,3,16713828,9.046423e-08,0.15127175,MLM.Grain_weight
112527,3_16713855,3,16713855,1.558936e-16,0.18072289,MLM.Grain_weight
112528,3_16713928,3,16713928,1.060242e-09,0.14725569,MLM.Grain_weight
112529,3_16714641,3,16714641,3.522826e-17,0.18005355,MLM.Grain_weight
112530,3_16714831,3,16714831,3.522826e-17,0.18005355,MLM.Grain_weight
112531,3_16714912,3,16714912,4.032895e-10,0.14558233,MLM.Grain_weight
112533,3_16715212,3,16715212,3.522826e-17,0.18005355,MLM.Grain_weight
112535,3_16715384,3,16715384,3.522826e-17,0.18005355,MLM.Grain_weight
112536,3_16715980,3,16715980,3.522826e-17,0.18005355,MLM.Grain_weight
112537,3_16716401,3,16716401,2.892320e-10,0.14491299,MLM.Grain_weight
112538,3_16716619,3,16716619,3.522826e-17,0.18005355,MLM.Grain_weight
112539,3_16716976,3,16716976,3.522826e-17,0.18005355,MLM.Grain_weight
112540,3_16717208,3,16717208,3.522826e-17,0.18005355,MLM.Grain_weight
112541,3_16717258,3,16717258,3.522826e-17,0.18005355,MLM.Grain_weight
112542,3_16717862,3,16717862,3.522826e-17,0.18005355,MLM.Grain_weight
112544,3_16718368,3,16718368,3.522826e-17,0.18005355,MLM.Grain_weight
112545,3_16718475,3,16718475,3.522826e-17,0.18005355,MLM.Grain_weight
112546,3_16718672,3,16718672,9.780371e-15,0.17704150,MLM.Grain_weight
112547,3_16718695,3,16718695,9.780371e-15,0.17704150,MLM.Grain_weight
112548,3_16718725,3,16718725,9.780371e-15,0.17704150,MLM.Grain_weight
112549,3_16718768,3,16718768,3.315676e-14,0.17670683,MLM.Grain_weight
112550,3_16718780,3,16718780,3.315676e-14,0.17670683,MLM.Grain_weight
112551,3_16718807,3,16718807,3.315676e-14,0.17670683,MLM.Grain_weight
112552,3_16718846,3,16718846,1.151705e-14,0.17704150,MLM.Grain_weight
112553,3_16718953,3,16718953,3.522826e-17,0.18005355,MLM.Grain_weight
112554,3_16719056,3,16719056,3.522826e-17,0.18005355,MLM.Grain_weight
112555,3_16719193,3,16719193,3.522826e-17,0.18005355,MLM.Grain_weight
112556,3_16719368,3,16719368,3.522826e-17,0.18005355,MLM.Grain_weight
112557,3_16719419,3,16719419,3.522826e-17,0.18005355,MLM.Grain_weight
112558,3_16719451,3,16719451,3.522826e-17,0.18005355,MLM.Grain_weight
112559,3_16719531,3,16719531,6.728489e-17,0.18038822,MLM.Grain_weight
112560,3_16719744,3,16719744,4.086076e-17,0.17938420,MLM.Grain_weight
112562,3_16720103,3,16720103,3.522826e-17,0.18005355,MLM.Grain_weight
112563,3_16720151,3,16720151,3.522826e-17,0.18005355,MLM.Grain_weight
112565,3_16720462,3,16720462,5.266451e-11,0.17369478,MLM.Grain_weight
112568,3_16720796,3,16720796,5.266451e-11,0.17369478,MLM.Grain_weight
112572,3_16721344,3,16721344,2.605346e-17,0.17971888,MLM.Grain_weight
112573,3_16721355,3,16721355,2.605346e-17,0.17971888,MLM.Grain_weight
112574,3_16721431,3,16721431,7.411742e-11,0.17336011,MLM.Grain_weight
112575,3_16721739,3,16721739,3.522826e-17,0.18005355,MLM.Grain_weight
112576,3_16723319,3,16723319,3.522826e-17,0.18005355,MLM.Grain_weight
112578,3_16723447,3,16723447,3.522826e-17,0.18005355,MLM.Grain_weight
112579,3_16723657,3,16723657,1.788263e-17,0.17971888,MLM.Grain_weight
112583,3_16724241,3,16724241,3.522826e-17,0.18005355,MLM.Grain_weight
112584,3_16724355,3,16724355,1.025798e-16,0.17938420,MLM.Grain_weight
112585,3_16724402,3,16724402,1.025798e-16,0.17938420,MLM.Grain_weight
112586,3_16724624,3,16724624,1.025798e-16,0.17938420,MLM.Grain_weight
112588,3_16724730,3,16724730,1.025798e-16,0.17938420,MLM.Grain_weight
112589,3_16725157,3,16725157,3.522826e-17,0.18005355,MLM.Grain_weight
112591,3_16725383,3,16725383,3.522826e-17,0.18005355,MLM.Grain_weight
112593,3_16725755,3,16725755,3.522826e-17,0.18005355,MLM.Grain_weight
112594,3_16725771,3,16725771,3.522826e-17,0.18005355,MLM.Grain_weight
112597,3_16726050,3,16726050,3.522826e-17,0.18005355,MLM.Grain_weight
112598,3_16726386,3,16726386,3.522826e-17,0.18005355,MLM.Grain_weight
112599,3_16726427,3,16726427,3.522826e-17,0.18005355,MLM.Grain_weight
112600,3_16726481,3,16726481,3.522826e-17,0.18005355,MLM.Grain_weight
112601,3_16726534,3,16726534,3.522826e-17,0.18005355,MLM.Grain_weight
112604,3_16726697,3,16726697,1.314729e-15,0.18038822,MLM.Grain_weight
112605,3_16726742,3,16726742,1.314729e-15,0.18038822,MLM.Grain_weight
112607,3_16727284,3,16727284,2.322474e-15,0.18005355,MLM.Grain_weight
112608,3_16727324,3,16727324,9.455669e-08,0.14323963,MLM.Grain_weight
112610,3_16727495,3,16727495,1.314729e-15,0.18038822,MLM.Grain_weight
112611,3_16727679,3,16727679,1.314729e-15,0.18038822,MLM.Grain_weight
112612,3_16727759,3,16727759,1.314729e-15,0.18038822,MLM.Grain_weight
112613,3_16727837,3,16727837,1.314729e-15,0.18038822,MLM.Grain_weight
112614,3_16727905,3,16727905,1.314729e-15,0.18038822,MLM.Grain_weight
112615,3_16728044,3,16728044,1.277212e-15,0.18005355,MLM.Grain_weight
112616,3_16728070,3,16728070,1.277212e-15,0.18005355,MLM.Grain_weight
112618,3_16728266,3,16728266,4.912163e-13,0.17838019,MLM.Grain_weight
112619,3_16728281,3,16728281,4.912163e-13,0.17838019,MLM.Grain_weight
112620,3_16728293,3,16728293,4.912163e-13,0.17838019,MLM.Grain_weight
112621,3_16728308,3,16728308,4.912163e-13,0.17838019,MLM.Grain_weight
112623,3_16728461,3,16728461,1.584720e-15,0.18005355,MLM.Grain_weight
112624,3_16728485,3,16728485,1.584720e-15,0.18005355,MLM.Grain_weight
112625,3_16728505,3,16728505,1.584720e-15,0.18005355,MLM.Grain_weight
112626,3_16728550,3,16728550,1.584720e-15,0.18005355,MLM.Grain_weight
112627,3_16728561,3,16728561,1.584720e-15,0.18005355,MLM.Grain_weight
112628,3_16728884,3,16728884,1.584720e-15,0.18005355,MLM.Grain_weight
112629,3_16728961,3,16728961,1.584720e-15,0.18005355,MLM.Grain_weight
112630,3_16729220,3,16729220,8.729354e-18,0.18005355,MLM.Grain_weight
112631,3_16729325,3,16729325,8.729354e-18,0.18005355,MLM.Grain_weight
112632,3_16729492,3,16729492,8.729354e-18,0.18005355,MLM.Grain_weight
112633,3_16730370,3,16730370,1.203350e-08,0.14323963,MLM.Grain_weight
112636,3_16730966,3,16730966,1.776263e-15,0.17771084,MLM.Grain_weight
112637,3_16730977,3,16730977,1.776263e-15,0.17771084,MLM.Grain_weight
112638,3_16730993,3,16730993,1.776263e-15,0.17771084,MLM.Grain_weight
112640,3_16731270,3,16731270,8.729354e-18,0.18005355,MLM.Grain_weight
112641,3_16732415,3,16732415,7.126844e-18,0.18038822,MLM.Grain_weight
112642,3_16732795,3,16732795,1.008763e-11,0.16967871,MLM.Grain_weight
112643,3_16732831,3,16732831,1.008763e-11,0.16967871,MLM.Grain_weight
112644,3_16732850,3,16732850,1.008763e-11,0.16967871,MLM.Grain_weight
112646,3_16733441,3,16733441,1.232973e-14,0.21218206,MLM.Grain_weight
112647,3_16733773,3,16733773,8.729354e-18,0.18005355,MLM.Grain_weight
112648,3_16733833,3,16733833,9.691206e-08,0.14390897,MLM.Grain_weight
112649,3_16734121,3,16734121,5.510747e-17,0.18038822,MLM.Grain_weight
112650,3_16734333,3,16734333,5.510747e-17,0.18038822,MLM.Grain_weight
112652,3_16734618,3,16734618,5.510747e-17,0.18038822,MLM.Grain_weight
112653,3_16734646,3,16734646,5.510747e-17,0.18038822,MLM.Grain_weight
112654,3_16734715,3,16734715,5.510747e-17,0.18038822,MLM.Grain_weight
112655,3_16734791,3,16734791,1.012154e-16,0.18072289,MLM.Grain_weight
112656,3_16734889,3,16734889,5.510747e-17,0.18038822,MLM.Grain_weight
112658,3_16735437,3,16735437,5.510747e-17,0.18038822,MLM.Grain_weight
112659,3_16735605,3,16735605,8.517614e-16,0.17971888,MLM.Grain_weight
112663,3_16735998,3,16735998,5.843125e-15,0.17938420,MLM.Grain_weight
112664,3_16736049,3,16736049,5.179441e-15,0.17904953,MLM.Grain_weight
112665,3_16736089,3,16736089,5.179441e-15,0.17904953,MLM.Grain_weight
112666,3_16736102,3,16736102,5.179441e-15,0.17904953,MLM.Grain_weight
112667,3_16736141,3,16736141,5.179441e-15,0.17904953,MLM.Grain_weight
112668,3_16736480,3,16736480,8.517614e-16,0.17971888,MLM.Grain_weight
112669,3_16736632,3,16736632,8.517614e-16,0.17971888,MLM.Grain_weight
112670,3_16736681,3,16736681,8.517614e-16,0.17971888,MLM.Grain_weight
112674,3_16736920,3,16736920,7.315043e-16,0.18005355,MLM.Grain_weight
112675,3_16736930,3,16736930,7.315043e-16,0.18005355,MLM.Grain_weight
112677,3_16737397,3,16737397,8.563086e-16,0.18038822,MLM.Grain_weight
112679,3_16737923,3,16737923,2.338437e-15,0.17938420,MLM.Grain_weight
112681,3_16737980,3,16737980,4.615371e-08,0.19678715,MLM.Grain_weight
112688,3_16740817,3,16740817,7.315043e-16,0.18005355,MLM.Grain_weight
112698,3_16743121,3,16743121,1.490215e-11,0.19009371,MLM.Grain_weight
112701,3_16743299,3,16743299,1.889578e-10,0.19645248,MLM.Grain_weight
112703,3_16743720,3,16743720,7.315043e-16,0.18005355,MLM.Grain_weight
112707,3_16744182,3,16744182,7.315043e-16,0.18005355,MLM.Grain_weight
112708,3_16744208,3,16744208,7.315043e-16,0.18005355,MLM.Grain_weight
112711,3_16744962,3,16744962,2.478958e-12,0.17971888,MLM.Grain_weight
112713,3_16745115,3,16745115,5.423627e-14,0.18072289,MLM.Grain_weight
112714,3_16745263,3,16745263,5.423627e-14,0.18072289,MLM.Grain_weight
112716,3_16746172,3,16746172,5.423627e-14,0.18072289,MLM.Grain_weight
112717,3_16746417,3,16746417,5.423627e-14,0.18072289,MLM.Grain_weight
112718,3_16746791,3,16746791,7.803043e-14,0.18038822,MLM.Grain_weight
112720,3_16747072,3,16747072,5.423627e-14,0.18072289,MLM.Grain_weight
112721,3_16747280,3,16747280,5.423627e-14,0.18072289,MLM.Grain_weight
112722,3_16747529,3,16747529,5.423627e-14,0.18072289,MLM.Grain_weight
112723,3_16747544,3,16747544,5.423627e-14,0.18072289,MLM.Grain_weight
112724,3_16747580,3,16747580,5.423627e-14,0.18072289,MLM.Grain_weight
112725,3_16747823,3,16747823,6.203018e-14,0.18038822,MLM.Grain_weight
112726,3_16747868,3,16747868,5.423627e-14,0.18072289,MLM.Grain_weight
112727,3_16747974,3,16747974,6.203018e-14,0.18038822,MLM.Grain_weight
112728,3_16748135,3,16748135,6.779620e-09,0.14658635,MLM.Grain_weight
112729,3_16748185,3,16748185,5.423627e-14,0.18072289,MLM.Grain_weight
112734,3_16748520,3,16748520,5.423627e-14,0.18072289,MLM.Grain_weight
112735,3_16748555,3,16748555,1.802015e-13,0.18105756,MLM.Grain_weight
112737,3_16748993,3,16748993,1.802015e-13,0.18105756,MLM.Grain_weight
112738,3_16749068,3,16749068,1.802015e-13,0.18105756,MLM.Grain_weight
112741,3_16749510,3,16749510,6.174916e-13,0.17938420,MLM.Grain_weight
112742,3_16749678,3,16749678,4.873643e-14,0.18072289,MLM.Grain_weight
112743,3_16749840,3,16749840,4.873643e-14,0.18072289,MLM.Grain_weight
112744,3_16749884,3,16749884,2.178337e-09,0.14625167,MLM.Grain_weight
112745,3_16749956,3,16749956,6.331143e-14,0.18038822,MLM.Grain_weight
112746,3_16750033,3,16750033,6.331143e-14,0.18038822,MLM.Grain_weight
112747,3_16750064,3,16750064,6.331143e-14,0.18038822,MLM.Grain_weight
112749,3_16750348,3,16750348,6.331143e-14,0.18038822,MLM.Grain_weight
112750,3_16750902,3,16750902,2.701913e-10,0.14658635,MLM.Grain_weight
112751,3_16751315,3,16751315,6.331143e-14,0.18038822,MLM.Grain_weight
112753,3_16752402,3,16752402,3.461864e-13,0.18005355,MLM.Grain_weight
112754,3_16753120,3,16753120,1.764522e-13,0.18072289,MLM.Grain_weight
112756,3_16753383,3,16753383,1.764522e-13,0.18072289,MLM.Grain_weight
112757,3_16754120,3,16754120,9.371717e-10,0.14692102,MLM.Grain_weight
112758,3_16754512,3,16754512,9.371717e-10,0.14692102,MLM.Grain_weight
112759,3_16754830,3,16754830,1.764522e-13,0.18072289,MLM.Grain_weight
112760,3_16755990,3,16755990,2.296080e-12,0.17838019,MLM.Grain_weight
112761,3_16756070,3,16756070,1.256122e-13,0.17938420,MLM.Grain_weight
112763,3_16756956,3,16756956,1.764522e-13,0.18072289,MLM.Grain_weight
112764,3_16757079,3,16757079,1.646609e-08,0.14457831,MLM.Grain_weight
112765,3_16757131,3,16757131,1.764522e-13,0.18072289,MLM.Grain_weight
112766,3_16757207,3,16757207,1.764522e-13,0.18072289,MLM.Grain_weight
112767,3_16757322,3,16757322,1.764522e-13,0.18072289,MLM.Grain_weight
112768,3_16757360,3,16757360,1.764522e-13,0.18072289,MLM.Grain_weight
112770,3_16757675,3,16757675,9.802765e-10,0.14658635,MLM.Grain_weight
112771,3_16757804,3,16757804,1.386955e-09,0.14658635,MLM.Grain_weight
112772,3_16758256,3,16758256,1.095776e-09,0.14792503,MLM.Grain_weight
112773,3_16758402,3,16758402,9.371717e-10,0.14692102,MLM.Grain_weight
112774,3_16758967,3,16758967,9.371717e-10,0.14692102,MLM.Grain_weight
112775,3_16759249,3,16759249,9.371717e-10,0.14692102,MLM.Grain_weight
112776,3_16759724,3,16759724,5.188782e-14,0.18038822,MLM.Grain_weight
112777,3_16759843,3,16759843,5.188782e-14,0.18038822,MLM.Grain_weight
112778,3_16759867,3,16759867,9.371717e-10,0.14692102,MLM.Grain_weight
112779,3_16760067,3,16760067,5.188782e-14,0.18038822,MLM.Grain_weight
112780,3_16760278,3,16760278,9.371717e-10,0.14692102,MLM.Grain_weight
112781,3_16760357,3,16760357,5.188782e-14,0.18038822,MLM.Grain_weight
112782,3_16760451,3,16760451,3.348351e-11,0.19109772,MLM.Grain_weight
112783,3_16760746,3,16760746,5.188782e-14,0.18038822,MLM.Grain_weight
112784,3_16760803,3,16760803,5.188782e-14,0.18038822,MLM.Grain_weight
112785,3_16761016,3,16761016,1.627036e-11,0.17202142,MLM.Grain_weight
112786,3_16761906,3,16761906,2.771312e-08,0.17336011,MLM.Grain_weight
112787,3_16761918,3,16761918,2.771312e-08,0.17336011,MLM.Grain_weight
112788,3_16762053,3,16762053,5.188782e-14,0.18038822,MLM.Grain_weight
112789,3_16762131,3,16762131,5.188782e-14,0.18038822,MLM.Grain_weight
112790,3_16762187,3,16762187,5.188782e-14,0.18038822,MLM.Grain_weight
112791,3_16762246,3,16762246,5.188782e-14,0.18038822,MLM.Grain_weight
112792,3_16762287,3,16762287,5.188782e-14,0.18038822,MLM.Grain_weight
112793,3_16762823,3,16762823,1.044761e-13,0.18072289,MLM.Grain_weight
112794,3_16763096,3,16763096,1.044761e-13,0.18072289,MLM.Grain_weight
112795,3_16764598,3,16764598,3.414037e-08,0.16097724,MLM.Grain_weight
112796,3_16764614,3,16764614,3.414037e-08,0.16097724,MLM.Grain_weight
112797,3_16764748,3,16764748,3.414037e-08,0.16097724,MLM.Grain_weight
112798,3_16764876,3,16764876,5.188782e-14,0.18038822,MLM.Grain_weight
112801,3_16766046,3,16766046,3.414037e-08,0.16097724,MLM.Grain_weight
112802,3_16766121,3,16766121,5.188782e-14,0.18038822,MLM.Grain_weight
112803,3_16766698,3,16766698,4.862042e-10,0.18239625,MLM.Grain_weight
112804,3_16766780,3,16766780,3.414037e-08,0.16097724,MLM.Grain_weight
112805,3_16766874,3,16766874,5.188782e-14,0.18038822,MLM.Grain_weight
112806,3_16767054,3,16767054,3.414037e-08,0.16097724,MLM.Grain_weight
112807,3_16767066,3,16767066,5.188782e-14,0.18038822,MLM.Grain_weight
112808,3_16767324,3,16767324,9.129939e-08,0.13955823,MLM.Grain_weight
112809,3_16767719,3,16767719,6.041591e-08,0.16198126,MLM.Grain_weight
112810,3_16767796,3,16767796,6.041591e-08,0.16198126,MLM.Grain_weight
112815,3_16770050,3,16770050,6.748013e-08,0.16265060,MLM.Grain_weight
112816,3_16770060,3,16770060,6.748013e-08,0.16265060,MLM.Grain_weight
112817,3_16770101,3,16770101,1.398072e-08,0.17402945,MLM.Grain_weight
112818,3_16770144,3,16770144,5.188782e-14,0.18038822,MLM.Grain_weight
112821,3_16771119,3,16771119,2.325988e-08,0.17202142,MLM.Grain_weight
112822,3_16771299,3,16771299,3.546461e-08,0.17135207,MLM.Grain_weight
112823,3_16771355,3,16771355,2.226039e-08,0.17068273,MLM.Grain_weight
112824,3_16771382,3,16771382,2.226039e-08,0.17068273,MLM.Grain_weight
112832,3_16775451,3,16775451,3.414037e-08,0.16097724,MLM.Grain_weight
112833,3_16775502,3,16775502,3.414037e-08,0.16097724,MLM.Grain_weight
112834,3_16775547,3,16775547,3.414037e-08,0.16097724,MLM.Grain_weight
112839,3_16776551,3,16776551,3.414037e-08,0.16097724,MLM.Grain_weight
112847,3_16777419,3,16777419,1.811564e-14,0.18005355,MLM.Grain_weight
112848,3_16777466,3,16777466,1.540149e-09,0.17168675,MLM.Grain_weight
112851,3_16777607,3,16777607,5.188782e-14,0.18038822,MLM.Grain_weight
112852,3_16777641,3,16777641,3.414037e-08,0.16097724,MLM.Grain_weight
112853,3_16777736,3,16777736,5.188782e-14,0.18038822,MLM.Grain_weight
112854,3_16777762,3,16777762,3.414037e-08,0.16097724,MLM.Grain_weight
112856,3_16778162,3,16778162,3.414037e-08,0.16097724,MLM.Grain_weight
112857,3_16778197,3,16778197,5.188782e-14,0.18038822,MLM.Grain_weight
112858,3_16778452,3,16778452,9.919607e-09,0.16064257,MLM.Grain_weight
112859,3_16778465,3,16778465,9.919607e-09,0.16064257,MLM.Grain_weight
112860,3_16778517,3,16778517,9.939255e-15,0.18005355,MLM.Grain_weight
112861,3_16778679,3,16778679,3.414037e-08,0.16097724,MLM.Grain_weight
112862,3_16778704,3,16778704,3.414037e-08,0.16097724,MLM.Grain_weight
112863,3_16778753,3,16778753,3.414037e-08,0.16097724,MLM.Grain_weight
112865,3_16779146,3,16779146,3.414037e-08,0.16097724,MLM.Grain_weight
112867,3_16779316,3,16779316,3.414037e-08,0.16097724,MLM.Grain_weight
112868,3_16779393,3,16779393,7.481596e-08,0.15930388,MLM.Grain_weight
112869,3_16779422,3,16779422,7.481596e-08,0.15930388,MLM.Grain_weight
112870,3_16779488,3,16779488,7.481596e-08,0.15930388,MLM.Grain_weight
112871,3_16779661,3,16779661,3.414037e-08,0.16097724,MLM.Grain_weight
112874,3_16779894,3,16779894,7.481596e-08,0.15930388,MLM.Grain_weight
112880,3_16780505,3,16780505,3.414037e-08,0.16097724,MLM.Grain_weight
112882,3_16780558,3,16780558,3.414037e-08,0.16097724,MLM.Grain_weight
112886,3_16780812,3,16780812,8.244377e-08,0.16131191,MLM.Grain_weight
112887,3_16780915,3,16780915,1.962442e-13,0.18072289,MLM.Grain_weight
112888,3_16780967,3,16780967,1.962442e-13,0.18072289,MLM.Grain_weight
112889,3_16781002,3,16781002,8.244377e-08,0.16131191,MLM.Grain_weight
112896,3_16781789,3,16781789,8.244377e-08,0.16131191,MLM.Grain_weight
112898,3_16781872,3,16781872,8.244377e-08,0.16131191,MLM.Grain_weight
112901,3_16782194,3,16782194,4.482306e-13,0.18139224,MLM.Grain_weight
112902,3_16782207,3,16782207,4.482306e-13,0.18139224,MLM.Grain_weight
112903,3_16782429,3,16782429,3.791928e-13,0.18105756,MLM.Grain_weight
112904,3_16782652,3,16782652,1.962442e-13,0.18072289,MLM.Grain_weight
112905,3_16782695,3,16782695,8.244377e-08,0.16131191,MLM.Grain_weight
112906,3_16782738,3,16782738,8.244377e-08,0.16131191,MLM.Grain_weight
112907,3_16782774,3,16782774,8.244377e-08,0.16131191,MLM.Grain_weight
112908,3_16782785,3,16782785,8.244377e-08,0.16131191,MLM.Grain_weight
112909,3_16782899,3,16782899,8.244377e-08,0.16131191,MLM.Grain_weight
112910,3_16782966,3,16782966,1.962442e-13,0.18072289,MLM.Grain_weight
112911,3_16782978,3,16782978,8.244377e-08,0.16131191,MLM.Grain_weight
112912,3_16783042,3,16783042,8.244377e-08,0.16131191,MLM.Grain_weight
112913,3_16783315,3,16783315,1.962442e-13,0.18072289,MLM.Grain_weight
112914,3_16783340,3,16783340,8.244377e-08,0.16131191,MLM.Grain_weight
112915,3_16783679,3,16783679,8.244377e-08,0.16131191,MLM.Grain_weight
112916,3_16783783,3,16783783,8.244377e-08,0.16131191,MLM.Grain_weight
112917,3_16784152,3,16784152,5.711548e-14,0.17838019,MLM.Grain_weight
112918,3_16784182,3,16784182,9.633170e-08,0.15829987,MLM.Grain_weight
112919,3_16784210,3,16784210,6.638630e-08,0.15796519,MLM.Grain_weight
112920,3_16784229,3,16784229,5.409152e-13,0.17737617,MLM.Grain_weight
112921,3_16784259,3,16784259,5.409152e-13,0.17737617,MLM.Grain_weight
112922,3_16784292,3,16784292,5.409152e-13,0.17737617,MLM.Grain_weight
112925,3_16784573,3,16784573,1.425559e-09,0.17402945,MLM.Grain_weight
112943,3_16787498,3,16787498,1.962442e-13,0.18072289,MLM.Grain_weight
112944,3_16787517,3,16787517,1.785449e-08,0.16030790,MLM.Grain_weight
112946,3_16788147,3,16788147,1.962442e-13,0.18072289,MLM.Grain_weight
112950,3_16789189,3,16789189,1.962442e-13,0.18072289,MLM.Grain_weight
112951,3_16789370,3,16789370,1.433185e-12,0.18139224,MLM.Grain_weight
112953,3_16789845,3,16789845,1.433185e-12,0.18139224,MLM.Grain_weight
112954,3_16790514,3,16790514,1.433185e-12,0.18139224,MLM.Grain_weight
112956,3_16791407,3,16791407,1.433185e-12,0.18139224,MLM.Grain_weight
112957,3_16791470,3,16791470,1.433185e-12,0.18139224,MLM.Grain_weight
112958,3_16791508,3,16791508,1.433185e-12,0.18139224,MLM.Grain_weight
112959,3_16791667,3,16791667,1.694376e-12,0.18172691,MLM.Grain_weight
112960,3_16791947,3,16791947,1.694376e-12,0.18172691,MLM.Grain_weight
112961,3_16792030,3,16792030,1.102226e-11,0.18005355,MLM.Grain_weight
112962,3_16792066,3,16792066,1.102226e-11,0.18005355,MLM.Grain_weight
112963,3_16792084,3,16792084,1.102226e-11,0.18005355,MLM.Grain_weight
112964,3_16792116,3,16792116,1.102226e-11,0.18005355,MLM.Grain_weight
112965,3_16792244,3,16792244,1.694376e-12,0.18172691,MLM.Grain_weight
112968,3_16792408,3,16792408,1.506343e-10,0.17971888,MLM.Grain_weight
112969,3_16792436,3,16792436,1.506343e-10,0.17971888,MLM.Grain_weight
112970,3_16792475,3,16792475,1.506343e-10,0.17971888,MLM.Grain_weight
112971,3_16792505,3,16792505,1.506343e-10,0.17971888,MLM.Grain_weight
112972,3_16792517,3,16792517,1.506343e-10,0.17971888,MLM.Grain_weight
112973,3_16792639,3,16792639,3.658585e-09,0.14792503,MLM.Grain_weight
112974,3_16792772,3,16792772,1.694376e-12,0.18172691,MLM.Grain_weight
112975,3_16793083,3,16793083,1.694376e-12,0.18172691,MLM.Grain_weight
112976,3_16793456,3,16793456,3.658585e-09,0.14792503,MLM.Grain_weight
112977,3_16793499,3,16793499,1.694376e-12,0.18172691,MLM.Grain_weight
112978,3_16793546,3,16793546,1.694376e-12,0.18172691,MLM.Grain_weight
112979,3_16793679,3,16793679,1.694376e-12,0.18172691,MLM.Grain_weight
112980,3_16793721,3,16793721,1.078155e-12,0.18139224,MLM.Grain_weight
112981,3_16795575,3,16795575,1.694376e-12,0.18172691,MLM.Grain_weight
112982,3_16796158,3,16796158,1.694376e-12,0.18172691,MLM.Grain_weight
112985,3_16798262,3,16798262,1.945625e-12,0.18139224,MLM.Grain_weight
112986,3_16798432,3,16798432,1.945625e-12,0.18139224,MLM.Grain_weight
112987,3_16800217,3,16800217,1.945625e-12,0.18139224,MLM.Grain_weight
112988,3_16800371,3,16800371,1.945625e-12,0.18139224,MLM.Grain_weight
112989,3_16800490,3,16800490,1.759447e-09,0.17269076,MLM.Grain_weight
112990,3_16800689,3,16800689,1.945625e-12,0.18139224,MLM.Grain_weight
112991,3_16800778,3,16800778,1.945625e-12,0.18139224,MLM.Grain_weight
112992,3_16800811,3,16800811,1.945625e-12,0.18139224,MLM.Grain_weight
112993,3_16801060,3,16801060,1.945625e-12,0.18139224,MLM.Grain_weight
112994,3_16801124,3,16801124,1.945625e-12,0.18139224,MLM.Grain_weight
112995,3_16801624,3,16801624,6.230731e-09,0.17469880,MLM.Grain_weight
112997,3_16801706,3,16801706,2.218802e-10,0.18373494,MLM.Grain_weight
112998,3_16801723,3,16801723,2.218802e-10,0.18373494,MLM.Grain_weight
112999,3_16801912,3,16801912,1.945625e-12,0.18139224,MLM.Grain_weight
113001,3_16802056,3,16802056,2.357088e-12,0.17971888,MLM.Grain_weight
113002,3_16802084,3,16802084,2.357088e-12,0.17971888,MLM.Grain_weight
113005,3_16802794,3,16802794,1.945625e-12,0.18139224,MLM.Grain_weight
113006,3_16802919,3,16802919,1.945625e-12,0.18139224,MLM.Grain_weight
113008,3_16803029,3,16803029,2.768162e-10,0.21419009,MLM.Grain_weight
113009,3_16803135,3,16803135,1.945625e-12,0.18139224,MLM.Grain_weight
113011,3_16803389,3,16803389,1.945625e-12,0.18139224,MLM.Grain_weight
113012,3_16803597,3,16803597,1.945625e-12,0.18139224,MLM.Grain_weight
113018,3_16806404,3,16806404,1.896480e-12,0.18172691,MLM.Grain_weight
113019,3_16806507,3,16806507,1.896480e-12,0.18172691,MLM.Grain_weight
113020,3_16806980,3,16806980,4.116602e-10,0.17269076,MLM.Grain_weight
113021,3_16807064,3,16807064,1.382442e-08,0.16198126,MLM.Grain_weight
113022,3_16807398,3,16807398,1.945625e-12,0.18139224,MLM.Grain_weight
113024,3_16807610,3,16807610,5.666403e-11,0.17871486,MLM.Grain_weight
113025,3_16807770,3,16807770,1.694376e-12,0.18172691,MLM.Grain_weight
113026,3_16807874,3,16807874,1.694376e-12,0.18172691,MLM.Grain_weight
113027,3_16807958,3,16807958,1.694376e-12,0.18172691,MLM.Grain_weight
113028,3_16808025,3,16808025,1.694376e-12,0.18172691,MLM.Grain_weight
113029,3_16808088,3,16808088,1.694376e-12,0.18172691,MLM.Grain_weight
113030,3_16808402,3,16808402,3.583385e-09,0.14759036,MLM.Grain_weight
113031,3_16809890,3,16809890,1.694376e-12,0.18172691,MLM.Grain_weight
113032,3_16809967,3,16809967,1.694376e-12,0.18172691,MLM.Grain_weight
113033,3_16810148,3,16810148,1.694376e-12,0.18172691,MLM.Grain_weight
113035,3_16810442,3,16810442,1.694376e-12,0.18172691,MLM.Grain_weight
113036,3_16810830,3,16810830,1.694376e-12,0.18172691,MLM.Grain_weight
113037,3_16811008,3,16811008,1.555534e-08,0.13955823,MLM.Grain_weight
113038,3_16811281,3,16811281,1.555534e-08,0.13955823,MLM.Grain_weight
113039,3_16811644,3,16811644,1.555534e-08,0.13955823,MLM.Grain_weight
113040,3_16811881,3,16811881,1.694376e-12,0.18172691,MLM.Grain_weight
113041,3_16812049,3,16812049,1.555534e-08,0.13955823,MLM.Grain_weight
113042,3_16812117,3,16812117,1.555534e-08,0.13955823,MLM.Grain_weight
113043,3_16812577,3,16812577,8.503430e-12,0.18038822,MLM.Grain_weight
113044,3_16812592,3,16812592,2.674412e-12,0.18005355,MLM.Grain_weight
113045,3_16812901,3,16812901,2.433249e-08,0.13821954,MLM.Grain_weight
113046,3_16812927,3,16812927,2.433249e-08,0.13821954,MLM.Grain_weight
113047,3_16813325,3,16813325,7.463336e-12,0.17135207,MLM.Grain_weight
113048,3_16813348,3,16813348,7.463336e-12,0.17135207,MLM.Grain_weight
113049,3_16813398,3,16813398,2.433249e-08,0.13821954,MLM.Grain_weight
113050,3_16813644,3,16813644,4.839104e-13,0.18139224,MLM.Grain_weight
113051,3_16813757,3,16813757,4.057738e-13,0.18105756,MLM.Grain_weight
113052,3_16813783,3,16813783,4.057738e-13,0.18105756,MLM.Grain_weight
113053,3_16813911,3,16813911,5.752470e-13,0.18139224,MLM.Grain_weight
113054,3_16813989,3,16813989,1.079552e-10,0.17737617,MLM.Grain_weight
113055,3_16814013,3,16814013,1.079552e-10,0.17737617,MLM.Grain_weight
113057,3_16814182,3,16814182,2.562301e-08,0.13788487,MLM.Grain_weight
113058,3_16814220,3,16814220,2.562301e-08,0.13788487,MLM.Grain_weight
113059,3_16814812,3,16814812,1.303065e-08,0.13855422,MLM.Grain_weight
113060,3_16815166,3,16815166,2.740176e-11,0.17269076,MLM.Grain_weight
113061,3_16815176,3,16815176,2.740176e-11,0.17269076,MLM.Grain_weight
113062,3_16815295,3,16815295,4.057738e-13,0.18105756,MLM.Grain_weight
113063,3_16815749,3,16815749,4.057738e-13,0.18105756,MLM.Grain_weight
113064,3_16815812,3,16815812,1.473918e-08,0.13821954,MLM.Grain_weight
113065,3_16815878,3,16815878,1.473918e-08,0.13821954,MLM.Grain_weight
113066,3_16815932,3,16815932,2.691122e-11,0.17235609,MLM.Grain_weight
113067,3_16816078,3,16816078,2.691122e-11,0.17235609,MLM.Grain_weight
113068,3_16816403,3,16816403,4.990487e-11,0.17202142,MLM.Grain_weight
113069,3_16816451,3,16816451,4.990487e-11,0.17202142,MLM.Grain_weight
113070,3_16816561,3,16816561,1.433185e-12,0.18139224,MLM.Grain_weight
113071,3_16816783,3,16816783,1.433185e-12,0.18139224,MLM.Grain_weight
113072,3_16817115,3,16817115,1.433185e-12,0.18139224,MLM.Grain_weight
113074,3_16817920,3,16817920,5.993588e-11,0.17235609,MLM.Grain_weight
113075,3_16817992,3,16817992,5.947530e-11,0.17269076,MLM.Grain_weight
113076,3_16818080,3,16818080,2.959685e-08,0.13821954,MLM.Grain_weight
113077,3_16818187,3,16818187,5.947530e-11,0.17269076,MLM.Grain_weight
113078,3_16818214,3,16818214,1.538197e-12,0.18172691,MLM.Grain_weight
113079,3_16818310,3,16818310,2.235409e-12,0.18072289,MLM.Grain_weight
113080,3_16818362,3,16818362,1.047452e-08,0.13788487,MLM.Grain_weight
113081,3_16818387,3,16818387,1.047452e-08,0.13788487,MLM.Grain_weight
113082,3_16818501,3,16818501,7.670244e-13,0.18139224,MLM.Grain_weight
113083,3_16818630,3,16818630,1.473918e-08,0.13821954,MLM.Grain_weight
113087,3_16819927,3,16819927,2.405121e-11,0.16800535,MLM.Grain_weight
113088,3_16820236,3,16820236,9.975579e-11,0.13554217,MLM.Grain_weight
113089,3_16820414,3,16820414,8.425072e-12,0.17168675,MLM.Grain_weight
113090,3_16822069,3,16822069,4.329038e-09,0.14524766,MLM.Grain_weight
113093,3_16823031,3,16823031,9.187108e-13,0.17971888,MLM.Grain_weight
113094,3_16823070,3,16823070,8.442808e-11,0.16131191,MLM.Grain_weight
113095,3_16823117,3,16823117,8.442808e-11,0.16131191,MLM.Grain_weight
113096,3_16823510,3,16823510,8.558503e-13,0.17101740,MLM.Grain_weight
113102,3_16824127,3,16824127,5.691137e-13,0.18038822,MLM.Grain_weight
113103,3_16824338,3,16824338,1.144356e-10,0.17704150,MLM.Grain_weight
113111,3_16825939,3,16825939,8.290123e-11,0.17570281,MLM.Grain_weight
113120,3_16828092,3,16828092,2.002886e-11,0.18373494,MLM.Grain_weight
113121,3_16828135,3,16828135,3.988971e-11,0.18440428,MLM.Grain_weight
113123,3_16829017,3,16829017,2.157374e-12,0.18172691,MLM.Grain_weight
113124,3_16829210,3,16829210,3.131903e-08,0.19210174,MLM.Grain_weight
113126,3_16829359,3,16829359,2.590639e-09,0.14591700,MLM.Grain_weight
113127,3_16829591,3,16829591,5.691137e-13,0.18038822,MLM.Grain_weight
113129,3_16830342,3,16830342,5.691137e-13,0.18038822,MLM.Grain_weight
113130,3_16830429,3,16830429,5.691137e-13,0.18038822,MLM.Grain_weight
113136,3_16831472,3,16831472,6.261637e-10,0.18273092,MLM.Grain_weight
113137,3_16831502,3,16831502,7.184000e-08,0.13855422,MLM.Grain_weight
113138,3_16831760,3,16831760,1.480198e-13,0.18005355,MLM.Grain_weight
113139,3_16831839,3,16831839,1.972079e-08,0.13888889,MLM.Grain_weight
113140,3_16831962,3,16831962,1.972079e-08,0.13888889,MLM.Grain_weight
113141,3_16832038,3,16832038,1.972079e-08,0.13888889,MLM.Grain_weight
113142,3_16832056,3,16832056,3.993198e-11,0.17302544,MLM.Grain_weight
113143,3_16832130,3,16832130,6.132458e-13,0.18005355,MLM.Grain_weight
113144,3_16832163,3,16832163,3.993198e-11,0.17302544,MLM.Grain_weight
113145,3_16832591,3,16832591,8.383081e-13,0.18072289,MLM.Grain_weight
113146,3_16832670,3,16832670,5.691137e-13,0.18038822,MLM.Grain_weight
113147,3_16832742,3,16832742,5.691137e-13,0.18038822,MLM.Grain_weight
113148,3_16832860,3,16832860,9.426449e-10,0.14625167,MLM.Grain_weight
113149,3_16832922,3,16832922,5.691137e-13,0.18038822,MLM.Grain_weight
113150,3_16833215,3,16833215,1.338619e-09,0.14658635,MLM.Grain_weight
113151,3_16833255,3,16833255,5.691137e-13,0.18038822,MLM.Grain_weight
113152,3_16833326,3,16833326,5.691137e-13,0.18038822,MLM.Grain_weight
113153,3_16833428,3,16833428,5.691137e-13,0.18038822,MLM.Grain_weight
113154,3_16833463,3,16833463,5.691137e-13,0.18038822,MLM.Grain_weight
113155,3_16833499,3,16833499,2.747864e-08,0.13955823,MLM.Grain_weight
113157,3_16833665,3,16833665,5.691137e-13,0.18038822,MLM.Grain_weight
113158,3_16833848,3,16833848,9.640072e-08,0.14156627,MLM.Grain_weight
113159,3_16834275,3,16834275,5.691137e-13,0.18038822,MLM.Grain_weight
113160,3_16834460,3,16834460,9.426449e-10,0.14625167,MLM.Grain_weight
113161,3_16834685,3,16834685,5.691137e-13,0.18038822,MLM.Grain_weight
113162,3_16834840,3,16834840,5.691137e-13,0.18038822,MLM.Grain_weight
113163,3_16835628,3,16835628,5.691137e-13,0.18038822,MLM.Grain_weight
113164,3_16835940,3,16835940,2.057827e-08,0.13922356,MLM.Grain_weight
113165,3_16836180,3,16836180,5.691137e-13,0.18038822,MLM.Grain_weight
113166,3_16836490,3,16836490,1.741961e-14,0.21318608,MLM.Grain_weight
113167,3_16836522,3,16836522,2.057827e-08,0.13922356,MLM.Grain_weight
113168,3_16836628,3,16836628,5.691137e-13,0.18038822,MLM.Grain_weight
113169,3_16837159,3,16837159,5.691137e-13,0.18038822,MLM.Grain_weight
113170,3_16837736,3,16837736,5.691137e-13,0.18038822,MLM.Grain_weight
113171,3_16837841,3,16837841,2.057827e-08,0.13922356,MLM.Grain_weight
113172,3_16838056,3,16838056,3.864935e-11,0.17336011,MLM.Grain_weight
113173,3_16838674,3,16838674,3.864935e-11,0.17336011,MLM.Grain_weight
113174,3_16839001,3,16839001,3.864935e-11,0.17336011,MLM.Grain_weight
113175,3_16839202,3,16839202,3.864935e-11,0.17336011,MLM.Grain_weight
113176,3_16839469,3,16839469,5.691137e-13,0.18038822,MLM.Grain_weight
113177,3_16839609,3,16839609,5.691137e-13,0.18038822,MLM.Grain_weight
113179,3_16839814,3,16839814,3.799248e-11,0.17838019,MLM.Grain_weight
113180,3_16839877,3,16839877,1.549541e-13,0.17938420,MLM.Grain_weight
113181,3_16840024,3,16840024,8.209897e-10,0.15227577,MLM.Grain_weight
113182,3_16840055,3,16840055,5.665954e-12,0.17804552,MLM.Grain_weight
113183,3_16840231,3,16840231,1.549541e-13,0.17938420,MLM.Grain_weight
113184,3_16840706,3,16840706,4.510370e-12,0.17603748,MLM.Grain_weight
113185,3_16840727,3,16840727,2.986105e-13,0.17938420,MLM.Grain_weight
113186,3_16841172,3,16841172,5.691137e-13,0.18038822,MLM.Grain_weight
113188,3_16841519,3,16841519,1.635566e-11,0.17938420,MLM.Grain_weight
113189,3_16841725,3,16841725,4.402787e-08,0.17369478,MLM.Grain_weight
113190,3_16841856,3,16841856,1.479402e-11,0.17938420,MLM.Grain_weight
113194,3_16842482,3,16842482,1.691508e-08,0.17804552,MLM.Grain_weight
113195,3_16842503,3,16842503,1.691508e-08,0.17804552,MLM.Grain_weight
113196,3_16842798,3,16842798,1.053765e-12,0.18038822,MLM.Grain_weight
113197,3_16843306,3,16843306,6.245813e-13,0.18005355,MLM.Grain_weight
113198,3_16844679,3,16844679,1.229985e-09,0.17402945,MLM.Grain_weight
113199,3_16844901,3,16844901,2.110224e-10,0.17704150,MLM.Grain_weight
113200,3_16845155,3,16845155,3.937824e-08,0.17302544,MLM.Grain_weight
113201,3_16845170,3,16845170,3.937824e-08,0.17302544,MLM.Grain_weight
113202,3_16845802,3,16845802,2.988062e-13,0.22021419,MLM.Grain_weight
113206,3_16849899,3,16849899,3.859048e-09,0.17436412,MLM.Grain_weight
113207,3_16855912,3,16855912,8.543965e-08,0.17503347,MLM.Grain_weight
113208,3_16855924,3,16855924,8.543965e-08,0.17503347,MLM.Grain_weight
113209,3_16855971,3,16855971,2.351227e-08,0.17603748,MLM.Grain_weight
113210,3_16856077,3,16856077,2.136658e-10,0.17871486,MLM.Grain_weight
113211,3_16856151,3,16856151,2.136658e-10,0.17871486,MLM.Grain_weight
113212,3_16856167,3,16856167,2.136658e-10,0.17871486,MLM.Grain_weight
113213,3_16856271,3,16856271,6.488094e-13,0.18005355,MLM.Grain_weight
113214,3_16856475,3,16856475,5.691137e-13,0.18038822,MLM.Grain_weight
113215,3_16856647,3,16856647,5.691137e-13,0.18038822,MLM.Grain_weight
113216,3_16856752,3,16856752,5.691137e-13,0.18038822,MLM.Grain_weight
113217,3_16856810,3,16856810,5.691137e-13,0.18038822,MLM.Grain_weight
113218,3_16856935,3,16856935,5.691137e-13,0.18038822,MLM.Grain_weight
113219,3_16856978,3,16856978,5.691137e-13,0.18038822,MLM.Grain_weight
113220,3_16857557,3,16857557,2.675705e-12,0.17871486,MLM.Grain_weight
113221,3_16857608,3,16857608,4.909639e-12,0.17904953,MLM.Grain_weight
113223,3_16859140,3,16859140,5.691137e-13,0.18038822,MLM.Grain_weight
113224,3_16859213,3,16859213,1.113299e-10,0.17269076,MLM.Grain_weight
113225,3_16860881,3,16860881,8.534122e-10,0.17168675,MLM.Grain_weight
113226,3_16860965,3,16860965,5.691137e-13,0.18038822,MLM.Grain_weight
113227,3_16861320,3,16861320,5.691137e-13,0.18038822,MLM.Grain_weight
113229,3_16861484,3,16861484,5.691137e-13,0.18038822,MLM.Grain_weight
113230,3_16861796,3,16861796,1.143975e-12,0.18072289,MLM.Grain_weight
113231,3_16862279,3,16862279,1.143975e-12,0.18072289,MLM.Grain_weight
113232,3_16862921,3,16862921,1.076087e-08,0.13821954,MLM.Grain_weight
113233,3_16863040,3,16863040,3.153909e-10,0.17336011,MLM.Grain_weight
113234,3_16863106,3,16863106,1.143975e-12,0.18072289,MLM.Grain_weight
113235,3_16863128,3,16863128,1.143975e-12,0.18072289,MLM.Grain_weight
113236,3_16863291,3,16863291,1.076087e-08,0.13821954,MLM.Grain_weight
113237,3_16863758,3,16863758,1.143975e-12,0.18072289,MLM.Grain_weight
113238,3_16863775,3,16863775,1.076087e-08,0.13821954,MLM.Grain_weight
113240,3_16865123,3,16865123,1.143975e-12,0.18072289,MLM.Grain_weight
113241,3_16865169,3,16865169,1.143975e-12,0.18072289,MLM.Grain_weight
113242,3_16865511,3,16865511,1.076087e-08,0.13821954,MLM.Grain_weight
113243,3_16865751,3,16865751,1.143975e-12,0.18072289,MLM.Grain_weight
113244,3_16865836,3,16865836,1.143975e-12,0.18072289,MLM.Grain_weight
113245,3_16865866,3,16865866,1.143975e-12,0.18072289,MLM.Grain_weight
113246,3_16865956,3,16865956,1.076087e-08,0.13821954,MLM.Grain_weight
113247,3_16866114,3,16866114,1.207977e-15,0.21519411,MLM.Grain_weight
113248,3_16866404,3,16866404,1.143975e-12,0.18072289,MLM.Grain_weight
113250,3_16867021,3,16867021,2.408782e-09,0.13386881,MLM.Grain_weight
113253,3_16869571,3,16869571,1.143975e-12,0.18072289,MLM.Grain_weight
113254,3_16869599,3,16869599,1.143975e-12,0.18072289,MLM.Grain_weight
113255,3_16869954,3,16869954,1.143975e-12,0.18072289,MLM.Grain_weight
113256,3_16870033,3,16870033,3.719629e-08,0.14223561,MLM.Grain_weight
113257,3_16871086,3,16871086,1.143975e-12,0.18072289,MLM.Grain_weight
113258,3_16871146,3,16871146,3.719629e-08,0.14223561,MLM.Grain_weight
113259,3_16871408,3,16871408,1.306123e-12,0.18038822,MLM.Grain_weight
113260,3_16871482,3,16871482,1.306123e-12,0.18038822,MLM.Grain_weight
113261,3_16871641,3,16871641,1.306123e-12,0.18038822,MLM.Grain_weight
113262,3_16871781,3,16871781,3.835254e-08,0.14257028,MLM.Grain_weight
113263,3_16872174,3,16872174,8.015555e-09,0.14156627,MLM.Grain_weight
113264,3_16872310,3,16872310,1.306123e-12,0.18038822,MLM.Grain_weight
113265,3_16872588,3,16872588,9.239273e-08,0.14290495,MLM.Grain_weight
113266,3_16872697,3,16872697,5.172423e-12,0.18005355,MLM.Grain_weight
113267,3_16872709,3,16872709,5.172423e-12,0.18005355,MLM.Grain_weight
113268,3_16872778,3,16872778,1.306123e-12,0.18038822,MLM.Grain_weight
113269,3_16872968,3,16872968,1.306123e-12,0.18038822,MLM.Grain_weight
113270,3_16873039,3,16873039,1.306123e-12,0.18038822,MLM.Grain_weight
113271,3_16873120,3,16873120,1.306123e-12,0.18038822,MLM.Grain_weight
113272,3_16873318,3,16873318,1.306123e-12,0.18038822,MLM.Grain_weight
113274,3_16873561,3,16873561,2.997183e-12,0.18072289,MLM.Grain_weight
113275,3_16873689,3,16873689,8.628076e-13,0.17971888,MLM.Grain_weight
113276,3_16873854,3,16873854,1.306123e-12,0.18038822,MLM.Grain_weight
113277,3_16873885,3,16873885,1.306123e-12,0.18038822,MLM.Grain_weight
113278,3_16873965,3,16873965,5.086258e-12,0.18239625,MLM.Grain_weight
113285,3_16875620,3,16875620,1.198075e-09,0.17737617,MLM.Grain_weight
113286,3_16875844,3,16875844,2.490883e-09,0.17704150,MLM.Grain_weight
113287,3_16875858,3,16875858,2.490883e-09,0.17704150,MLM.Grain_weight
113288,3_16876042,3,16876042,1.306123e-12,0.18038822,MLM.Grain_weight
113289,3_16876089,3,16876089,1.216350e-14,0.16599732,MLM.Grain_weight
113297,3_16876984,3,16876984,5.696351e-16,0.16834003,MLM.Grain_weight
113298,3_16877253,3,16877253,1.306123e-12,0.18038822,MLM.Grain_weight
113299,3_16877399,3,16877399,2.221051e-08,0.13788487,MLM.Grain_weight
113300,3_16877452,3,16877452,1.306123e-12,0.18038822,MLM.Grain_weight
113301,3_16877541,3,16877541,1.306123e-12,0.18038822,MLM.Grain_weight
113302,3_16877797,3,16877797,1.062679e-12,0.18005355,MLM.Grain_weight
113303,3_16878080,3,16878080,1.062679e-12,0.18005355,MLM.Grain_weight
113304,3_16878104,3,16878104,1.062679e-12,0.18005355,MLM.Grain_weight
113305,3_16878134,3,16878134,1.617562e-11,0.20983936,MLM.Grain_weight
113306,3_16878209,3,16878209,1.306123e-12,0.18038822,MLM.Grain_weight
113307,3_16878251,3,16878251,1.306123e-12,0.18038822,MLM.Grain_weight
113308,3_16878477,3,16878477,1.306123e-12,0.18038822,MLM.Grain_weight
113309,3_16878653,3,16878653,1.306123e-12,0.18038822,MLM.Grain_weight
113310,3_16878673,3,16878673,1.306123e-12,0.18038822,MLM.Grain_weight
113311,3_16878831,3,16878831,1.306123e-12,0.18038822,MLM.Grain_weight
113312,3_16878902,3,16878902,1.306123e-12,0.18038822,MLM.Grain_weight
113313,3_16878919,3,16878919,1.306123e-12,0.18038822,MLM.Grain_weight
113314,3_16879059,3,16879059,1.143975e-12,0.18072289,MLM.Grain_weight
113315,3_16879214,3,16879214,1.387032e-08,0.13821954,MLM.Grain_weight
113316,3_16879256,3,16879256,8.305239e-13,0.18105756,MLM.Grain_weight
113317,3_16879736,3,16879736,1.143975e-12,0.18072289,MLM.Grain_weight
113318,3_16879792,3,16879792,5.328369e-10,0.18206158,MLM.Grain_weight
113319,3_16879910,3,16879910,1.387032e-08,0.13821954,MLM.Grain_weight
113320,3_16880897,3,16880897,1.387032e-08,0.13821954,MLM.Grain_weight
113321,3_16880911,3,16880911,1.387032e-08,0.13821954,MLM.Grain_weight
113322,3_16880978,3,16880978,1.143975e-12,0.18072289,MLM.Grain_weight
113323,3_16881013,3,16881013,1.143975e-12,0.18072289,MLM.Grain_weight
113324,3_16881035,3,16881035,1.143975e-12,0.18072289,MLM.Grain_weight
113325,3_16881371,3,16881371,1.143975e-12,0.18072289,MLM.Grain_weight
113326,3_16881431,3,16881431,1.143975e-12,0.18072289,MLM.Grain_weight
113327,3_16881456,3,16881456,1.364708e-12,0.18105756,MLM.Grain_weight
113328,3_16881532,3,16881532,1.143975e-12,0.18072289,MLM.Grain_weight
113329,3_16881568,3,16881568,3.110511e-12,0.18038822,MLM.Grain_weight
113330,3_16881584,3,16881584,3.110511e-12,0.18038822,MLM.Grain_weight
113331,3_16881745,3,16881745,1.143975e-12,0.18072289,MLM.Grain_weight
113332,3_16881995,3,16881995,2.231249e-12,0.18038822,MLM.Grain_weight
113333,3_16882149,3,16882149,1.143975e-12,0.18072289,MLM.Grain_weight
113334,3_16882185,3,16882185,1.143975e-12,0.18072289,MLM.Grain_weight
113335,3_16882414,3,16882414,5.926263e-08,0.17302544,MLM.Grain_weight
113336,3_16882445,3,16882445,3.276401e-08,0.17269076,MLM.Grain_weight
113337,3_16882507,3,16882507,1.143975e-12,0.18072289,MLM.Grain_weight
113338,3_16882915,3,16882915,1.387032e-08,0.13821954,MLM.Grain_weight
113339,3_16883040,3,16883040,1.387032e-08,0.13821954,MLM.Grain_weight
113340,3_16883776,3,16883776,1.387032e-08,0.13821954,MLM.Grain_weight
113342,3_16884373,3,16884373,1.143975e-12,0.18072289,MLM.Grain_weight
113343,3_16884441,3,16884441,1.143975e-12,0.18072289,MLM.Grain_weight
113344,3_16884674,3,16884674,1.143975e-12,0.18072289,MLM.Grain_weight
113346,3_16884927,3,16884927,1.143975e-12,0.18072289,MLM.Grain_weight
113347,3_16884942,3,16884942,1.143975e-12,0.18072289,MLM.Grain_weight
113348,3_16885035,3,16885035,1.143975e-12,0.18072289,MLM.Grain_weight
113350,3_16885274,3,16885274,1.306123e-12,0.18038822,MLM.Grain_weight
113351,3_16885441,3,16885441,3.237588e-11,0.17871486,MLM.Grain_weight
113352,3_16885470,3,16885470,3.237588e-11,0.17871486,MLM.Grain_weight
113354,3_16885632,3,16885632,1.306123e-12,0.18038822,MLM.Grain_weight
113355,3_16885770,3,16885770,1.306123e-12,0.18038822,MLM.Grain_weight
113356,3_16886036,3,16886036,1.306123e-12,0.18038822,MLM.Grain_weight
113357,3_16886148,3,16886148,1.306123e-12,0.18038822,MLM.Grain_weight
113358,3_16886377,3,16886377,1.306123e-12,0.18038822,MLM.Grain_weight
113359,3_16887041,3,16887041,4.112656e-10,0.17536814,MLM.Grain_weight
113360,3_16887064,3,16887064,4.112656e-10,0.17536814,MLM.Grain_weight
113361,3_16887077,3,16887077,4.112656e-10,0.17536814,MLM.Grain_weight
113362,3_16887177,3,16887177,5.211258e-10,0.17503347,MLM.Grain_weight
113364,3_16887221,3,16887221,5.211258e-10,0.17503347,MLM.Grain_weight
113365,3_16887339,3,16887339,1.306123e-12,0.18038822,MLM.Grain_weight
113366,3_16887623,3,16887623,1.306123e-12,0.18038822,MLM.Grain_weight
113367,3_16887944,3,16887944,1.306123e-12,0.18038822,MLM.Grain_weight
113368,3_16888255,3,16888255,1.306123e-12,0.18038822,MLM.Grain_weight
113369,3_16888298,3,16888298,4.065956e-12,0.18005355,MLM.Grain_weight
113370,3_16889085,3,16889085,7.121199e-08,0.13888889,MLM.Grain_weight
113371,3_16889457,3,16889457,4.526422e-12,0.18072289,MLM.Grain_weight
113372,3_16889562,3,16889562,3.968849e-12,0.18105756,MLM.Grain_weight
113373,3_16890225,3,16890225,7.019247e-12,0.18139224,MLM.Grain_weight
113374,3_16890707,3,16890707,3.968849e-12,0.18105756,MLM.Grain_weight
113375,3_16890773,3,16890773,3.968849e-12,0.18105756,MLM.Grain_weight
113376,3_16890883,3,16890883,3.968849e-12,0.18105756,MLM.Grain_weight
113377,3_16891271,3,16891271,4.105086e-08,0.13855422,MLM.Grain_weight
113378,3_16891448,3,16891448,3.968849e-12,0.18105756,MLM.Grain_weight
113379,3_16891826,3,16891826,3.968849e-12,0.18105756,MLM.Grain_weight
113380,3_16892227,3,16892227,3.968849e-12,0.18105756,MLM.Grain_weight
113381,3_16892334,3,16892334,3.968849e-12,0.18105756,MLM.Grain_weight
113382,3_16892840,3,16892840,3.968849e-12,0.18105756,MLM.Grain_weight
113383,3_16892889,3,16892889,3.968849e-12,0.18105756,MLM.Grain_weight
113384,3_16893329,3,16893329,3.968849e-12,0.18105756,MLM.Grain_weight
113385,3_16893456,3,16893456,1.497952e-11,0.18072289,MLM.Grain_weight
113386,3_16893486,3,16893486,1.497952e-11,0.18072289,MLM.Grain_weight
113387,3_16893697,3,16893697,3.968849e-12,0.18105756,MLM.Grain_weight
113388,3_16893771,3,16893771,1.497952e-11,0.18072289,MLM.Grain_weight
113389,3_16894115,3,16894115,3.968849e-12,0.18105756,MLM.Grain_weight
113390,3_16894190,3,16894190,1.669175e-11,0.18139224,MLM.Grain_weight
113391,3_16894727,3,16894727,3.968849e-12,0.18105756,MLM.Grain_weight
113392,3_16895073,3,16895073,4.105086e-08,0.13855422,MLM.Grain_weight
113393,3_16895855,3,16895855,2.911705e-08,0.13821954,MLM.Grain_weight
113394,3_16896174,3,16896174,4.105086e-08,0.13855422,MLM.Grain_weight
113395,3_16896189,3,16896189,3.968849e-12,0.18105756,MLM.Grain_weight
113396,3_16896627,3,16896627,3.968849e-12,0.18105756,MLM.Grain_weight
113397,3_16896886,3,16896886,3.968849e-12,0.18105756,MLM.Grain_weight
113398,3_16896915,3,16896915,3.968849e-12,0.18105756,MLM.Grain_weight
113399,3_16896982,3,16896982,4.036741e-12,0.18072289,MLM.Grain_weight
113400,3_16897026,3,16897026,3.612796e-08,0.13821954,MLM.Grain_weight
113401,3_16897068,3,16897068,4.036741e-12,0.18072289,MLM.Grain_weight
113408,3_16903024,3,16903024,1.342752e-11,0.17704150,MLM.Grain_weight
113411,3_16903634,3,16903634,7.135996e-12,0.17971888,MLM.Grain_weight
113413,3_16903929,3,16903929,1.961883e-11,0.17938420,MLM.Grain_weight
113414,3_16904058,3,16904058,9.790942e-12,0.17971888,MLM.Grain_weight
113415,3_16904202,3,16904202,3.757122e-09,0.17737617,MLM.Grain_weight
113416,3_16904247,3,16904247,3.757122e-09,0.17737617,MLM.Grain_weight
113417,3_16904295,3,16904295,3.040777e-09,0.17469880,MLM.Grain_weight
113419,3_16904374,3,16904374,9.137699e-10,0.17637216,MLM.Grain_weight
113422,3_16904571,3,16904571,1.216961e-10,0.15194110,MLM.Grain_weight
113423,3_16904581,3,16904581,1.216961e-10,0.15194110,MLM.Grain_weight
113424,3_16904884,3,16904884,3.106099e-12,0.16432396,MLM.Grain_weight
113425,3_16904898,3,16904898,3.106099e-12,0.16432396,MLM.Grain_weight
113426,3_16904914,3,16904914,1.075476e-12,0.16499331,MLM.Grain_weight
113428,3_16905101,3,16905101,2.032272e-11,0.16867470,MLM.Grain_weight
113429,3_16905224,3,16905224,6.280870e-13,0.18038822,MLM.Grain_weight
113431,3_16905647,3,16905647,6.280870e-13,0.18038822,MLM.Grain_weight
113432,3_16906251,3,16906251,5.542329e-13,0.18005355,MLM.Grain_weight
113433,3_16906364,3,16906364,6.280870e-13,0.18038822,MLM.Grain_weight
113435,3_16906572,3,16906572,6.280870e-13,0.18038822,MLM.Grain_weight
113437,3_16906662,3,16906662,6.280870e-13,0.18038822,MLM.Grain_weight
113442,3_16907603,3,16907603,1.027113e-07,0.17336011,MLM.Grain_weight
113443,3_16907691,3,16907691,1.584508e-11,0.17904953,MLM.Grain_weight
113453,3_16909885,3,16909885,4.971326e-11,0.17871486,MLM.Grain_weight
113454,3_16910570,3,16910570,3.603458e-12,0.18005355,MLM.Grain_weight
113455,3_16910608,3,16910608,3.603458e-12,0.18005355,MLM.Grain_weight
113457,3_16910891,3,16910891,8.136040e-13,0.18038822,MLM.Grain_weight
113463,3_16912873,3,16912873,1.498300e-09,0.15662651,MLM.Grain_weight
113469,3_16913976,3,16913976,5.507152e-13,0.17804552,MLM.Grain_weight
113472,3_16914207,3,16914207,3.968849e-12,0.18105756,MLM.Grain_weight
113473,3_16914474,3,16914474,4.526422e-12,0.18072289,MLM.Grain_weight
113474,3_16914631,3,16914631,3.968849e-12,0.18105756,MLM.Grain_weight
113475,3_16914719,3,16914719,3.968849e-12,0.18105756,MLM.Grain_weight
113476,3_16914757,3,16914757,3.968849e-12,0.18105756,MLM.Grain_weight
113477,3_16914918,3,16914918,1.233608e-12,0.18072289,MLM.Grain_weight
113478,3_16915318,3,16915318,2.008802e-12,0.18005355,MLM.Grain_weight
113479,3_16915349,3,16915349,2.008802e-12,0.18005355,MLM.Grain_weight
113480,3_16915510,3,16915510,2.337258e-09,0.13922356,MLM.Grain_weight
113481,3_16915647,3,16915647,1.433185e-12,0.18139224,MLM.Grain_weight
113482,3_16915685,3,16915685,3.009266e-09,0.14056225,MLM.Grain_weight
113483,3_16915873,3,16915873,1.433185e-12,0.18139224,MLM.Grain_weight
113484,3_16915892,3,16915892,1.433185e-12,0.18139224,MLM.Grain_weight
113486,3_16918361,3,16918361,2.144864e-10,0.21419009,MLM.Grain_weight
113487,3_16918371,3,16918371,1.433185e-12,0.18139224,MLM.Grain_weight
113488,3_16918407,3,16918407,1.433185e-12,0.18139224,MLM.Grain_weight
113489,3_16918728,3,16918728,1.230386e-08,0.13922356,MLM.Grain_weight
113490,3_16920011,3,16920011,1.433185e-12,0.18139224,MLM.Grain_weight
113491,3_16920250,3,16920250,1.433185e-12,0.18139224,MLM.Grain_weight
113492,3_16920300,3,16920300,1.433185e-12,0.18139224,MLM.Grain_weight
113493,3_16920838,3,16920838,1.843909e-08,0.13888889,MLM.Grain_weight
113494,3_16921339,3,16921339,1.433185e-12,0.18139224,MLM.Grain_weight
113498,3_16923299,3,16923299,4.119718e-08,0.13922356,MLM.Grain_weight
113499,3_16923723,3,16923723,1.843909e-08,0.13888889,MLM.Grain_weight
113500,3_16923887,3,16923887,1.843909e-08,0.13888889,MLM.Grain_weight
113501,3_16924365,3,16924365,2.018243e-08,0.13922356,MLM.Grain_weight
113503,3_16925117,3,16925117,1.843909e-08,0.13888889,MLM.Grain_weight
113508,3_16941634,3,16941634,1.843909e-08,0.13888889,MLM.Grain_weight
113509,3_16941889,3,16941889,1.843909e-08,0.13888889,MLM.Grain_weight
113510,3_16942602,3,16942602,1.843909e-08,0.13888889,MLM.Grain_weight
113512,3_16943306,3,16943306,1.843909e-08,0.13888889,MLM.Grain_weight
113513,3_16944593,3,16944593,1.843909e-08,0.13888889,MLM.Grain_weight
113514,3_16948187,3,16948187,1.843909e-08,0.13888889,MLM.Grain_weight
113515,3_16950668,3,16950668,4.105086e-08,0.13855422,MLM.Grain_weight
113516,3_16951007,3,16951007,4.105086e-08,0.13855422,MLM.Grain_weight
113517,3_16954929,3,16954929,4.105086e-08,0.13855422,MLM.Grain_weight
113518,3_16955086,3,16955086,4.105086e-08,0.13855422,MLM.Grain_weight
113519,3_16955348,3,16955348,4.105086e-08,0.13855422,MLM.Grain_weight
113523,3_16955629,3,16955629,4.105086e-08,0.13855422,MLM.Grain_weight
113524,3_16955731,3,16955731,4.105086e-08,0.13855422,MLM.Grain_weight
113526,3_16955968,3,16955968,4.105086e-08,0.13855422,MLM.Grain_weight
113528,3_16956207,3,16956207,4.105086e-08,0.13855422,MLM.Grain_weight
113530,3_16957058,3,16957058,4.105086e-08,0.13855422,MLM.Grain_weight
113531,3_16957128,3,16957128,4.105086e-08,0.13855422,MLM.Grain_weight
113537,3_16958968,3,16958968,1.387032e-08,0.13821954,MLM.Grain_weight
113539,3_16959037,3,16959037,1.387032e-08,0.13821954,MLM.Grain_weight
113540,3_16959214,3,16959214,1.387032e-08,0.13821954,MLM.Grain_weight
113543,3_16962426,3,16962426,6.261714e-08,0.13520750,MLM.Grain_weight
113552,3_16966533,3,16966533,2.820309e-08,0.13955823,MLM.Grain_weight
113560,3_16970163,3,16970163,1.281502e-08,0.13989290,MLM.Grain_weight
113564,3_16974162,3,16974162,3.572649e-08,0.13688086,MLM.Grain_weight
113569,3_16977726,3,16977726,6.128989e-09,0.13855422,MLM.Grain_weight
113570,3_16977926,3,16977926,6.128989e-09,0.13855422,MLM.Grain_weight
113572,3_16978280,3,16978280,6.128989e-09,0.13855422,MLM.Grain_weight
113577,3_16995313,3,16995313,6.128989e-09,0.13855422,MLM.Grain_weight
113578,3_16995727,3,16995727,6.128989e-09,0.13855422,MLM.Grain_weight
113584,3_16997937,3,16997937,6.128989e-09,0.13855422,MLM.Grain_weight
113585,3_16998156,3,16998156,6.128989e-09,0.13855422,MLM.Grain_weight
113588,3_16998456,3,16998456,6.128989e-09,0.13855422,MLM.Grain_weight
113590,3_16998797,3,16998797,6.128989e-09,0.13855422,MLM.Grain_weight
113593,3_16998868,3,16998868,6.128989e-09,0.13855422,MLM.Grain_weight
113594,3_17001397,3,17001397,6.128989e-09,0.13855422,MLM.Grain_weight
113596,3_17003204,3,17003204,1.423249e-08,0.13888889,MLM.Grain_weight
113599,3_17003517,3,17003517,1.423249e-08,0.13888889,MLM.Grain_weight
113602,3_17004026,3,17004026,2.475999e-08,0.13922356,MLM.Grain_weight
113610,3_17005568,3,17005568,1.423249e-08,0.13888889,MLM.Grain_weight
113611,3_17005710,3,17005710,1.423249e-08,0.13888889,MLM.Grain_weight
113616,3_17006762,3,17006762,9.915332e-09,0.13922356,MLM.Grain_weight
113626,3_17009413,3,17009413,4.241421e-09,0.13888889,MLM.Grain_weight
113627,3_17009585,3,17009585,4.241421e-09,0.13888889,MLM.Grain_weight
113628,3_17010539,3,17010539,4.241421e-09,0.13888889,MLM.Grain_weight
113630,3_17011911,3,17011911,4.241421e-09,0.13888889,MLM.Grain_weight
113632,3_17012377,3,17012377,2.846242e-08,0.14123159,MLM.Grain_weight
113633,3_17012538,3,17012538,4.241421e-09,0.13888889,MLM.Grain_weight
113637,3_17013842,3,17013842,4.241421e-09,0.13888889,MLM.Grain_weight
113639,3_17019582,3,17019582,1.171527e-08,0.13821954,MLM.Grain_weight
169977,4_18916709,4,18916709,2.283755e-10,0.16131191,MLM.Grain_weight
170584,4_19084185,4,19084185,1.239500e-09,0.17804552,MLM.Grain_weight
170597,4_19090589,4,19090589,6.232256e-11,0.15595716,MLM.Grain_weight
170771,4_19141178,4,19141178,1.244566e-11,0.15696118,MLM.Grain_weight
170792,4_19147609,4,19147609,1.889015e-11,0.14825971,MLM.Grain_weight
171454,4_19304573,4,19304573,3.624785e-08,0.06258367,MLM.Grain_weight
171909,4_19421267,4,19421267,5.838504e-10,0.06157965,MLM.Grain_weight
172084,4_19449823,4,19449823,1.964102e-11,0.06593039,MLM.Grain_weight
172412,4_19512894,4,19512894,2.448764e-12,0.06425703,MLM.Grain_weight
172768,4_19622432,4,19622432,2.113547e-10,0.06091031,MLM.Grain_weight
172802,4_19663309,4,19663309,6.610379e-08,0.05087015,MLM.Grain_weight
172828,4_19693637,4,19693637,2.821692e-08,0.05153949,MLM.Grain_weight
172829,4_19700751,4,19700751,4.263802e-08,0.05220884,MLM.Grain_weight
172841,4_19714443,4,19714443,2.821692e-08,0.05153949,MLM.Grain_weight
172873,4_19721865,4,19721865,3.942687e-08,0.05187416,MLM.Grain_weight
172874,4_19722345,4,19722345,3.942687e-08,0.05187416,MLM.Grain_weight
172876,4_19738552,4,19738552,3.564720e-08,0.05220884,MLM.Grain_weight
172877,4_19739152,4,19739152,6.914257e-09,0.05120482,MLM.Grain_weight
188109,5_5364561,5, 5364561,2.448968e-08,0.14190094,MLM.Grain_weight
188120,5_5371529,5, 5371529,2.230605e-10,0.29183400,MLM.Grain_weight
188121,5_5371609,5, 5371609,2.230605e-10,0.29183400,MLM.Grain_weight
188122,5_5371686,5, 5371686,2.230605e-10,0.29183400,MLM.Grain_weight
188123,5_5371716,5, 5371716,2.230605e-10,0.29183400,MLM.Grain_weight
188124,5_5371772,5, 5371772,2.230605e-10,0.29183400,MLM.Grain_weight
188125,5_5372050,5, 5372050,2.230605e-10,0.29183400,MLM.Grain_weight
188127,5_5372955,5, 5372955,2.230605e-10,0.29183400,MLM.Grain_weight
188128,5_5373560,5, 5373560,2.230605e-10,0.29183400,MLM.Grain_weight
188129,5_5373724,5, 5373724,2.230605e-10,0.29183400,MLM.Grain_weight
188131,5_5373841,5, 5373841,2.230605e-10,0.29183400,MLM.Grain_weight
188132,5_5374221,5, 5374221,4.580967e-10,0.29216867,MLM.Grain_weight
188133,5_5375167,5, 5375167,4.580967e-10,0.29216867,MLM.Grain_weight
188134,5_5375201,5, 5375201,4.580967e-10,0.29216867,MLM.Grain_weight
188135,5_5375243,5, 5375243,4.580967e-10,0.29216867,MLM.Grain_weight
188136,5_5375267,5, 5375267,4.580967e-10,0.29216867,MLM.Grain_weight
188137,5_5375348,5, 5375348,4.580967e-10,0.29216867,MLM.Grain_weight
188138,5_5375574,5, 5375574,4.580967e-10,0.29216867,MLM.Grain_weight
188139,5_5375764,5, 5375764,4.580967e-10,0.29216867,MLM.Grain_weight
188140,5_5375849,5, 5375849,9.245361e-10,0.29183400,MLM.Grain_weight
188141,5_5375922,5, 5375922,9.245361e-10,0.29183400,MLM.Grain_weight
188142,5_5376112,5, 5376112,4.580967e-10,0.29216867,MLM.Grain_weight
188143,5_5376361,5, 5376361,4.580967e-10,0.29216867,MLM.Grain_weight
188144,5_5376786,5, 5376786,4.580967e-10,0.29216867,MLM.Grain_weight
188145,5_5377178,5, 5377178,1.325041e-10,0.29417671,MLM.Grain_weight
188146,5_5377198,5, 5377198,1.325041e-10,0.29417671,MLM.Grain_weight
188147,5_5377307,5, 5377307,1.325041e-10,0.29417671,MLM.Grain_weight
188148,5_5377607,5, 5377607,1.325041e-10,0.29417671,MLM.Grain_weight
188149,5_5377666,5, 5377666,1.325041e-10,0.29417671,MLM.Grain_weight
188150,5_5377804,5, 5377804,4.003420e-10,0.29518072,MLM.Grain_weight
188151,5_5377857,5, 5377857,4.003420e-10,0.29518072,MLM.Grain_weight
188152,5_5378228,5, 5378228,1.325041e-10,0.29417671,MLM.Grain_weight
188153,5_5378446,5, 5378446,2.945108e-10,0.29451138,MLM.Grain_weight
188154,5_5378981,5, 5378981,4.670463e-10,0.29384203,MLM.Grain_weight
290906,7_23827843,7,23827843,9.285707e-10,0.35709505,MLM.Grain_weight
